county_fips,gea_region,lrmer_kgco2e_kwh
01001,SERTP,0.2362
01003,SERTP,0.2362
01005,SERTP,0.2362
01007,SERTP,0.2362
01009,SERTP,0.2362
01011,SERTP,0.2362
01013,SERTP,0.2362
01015,SERTP,0.2362
01017,SERTP,0.2362
01019,SERTP,0.2362
01021,SERTP,0.2362
01023,SERTP,0.2362
01025,SERTP,0.2362
01027,SERTP,0.2362
01029,SERTP,0.2362
01031,SERTP,0.2362
01033,SERTP,0.2362
01035,SERTP,0.2362
01037,SERTP,0.2362
01039,SERTP,0.2362
01041,SERTP,0.2362
01043,SERTP,0.2362
01045,SERTP,0.2362
01047,SERTP,0.2362
01049,SERTP,0.2362
01051,SERTP,0.2362
01053,SERTP,0.2362
01055,SERTP,0.2362
01057,SERTP,0.2362
01059,SERTP,0.2362
01061,SERTP,0.2362
01063,SERTP,0.2362
01065,SERTP,0.2362
01067,SERTP,0.2362
01069,SERTP,0.2362
01071,SERTP,0.2362
01073,SERTP,0.2362
01075,SERTP,0.2362
01077,SERTP,0.2362
01079,SERTP,0.2362
01081,SERTP,0.2362
01083,SERTP,0.2362
01085,SERTP,0.2362
01087,SERTP,0.2362
01089,SERTP,0.2362
01091,SERTP,0.2362
01093,SERTP,0.2362
01095,SERTP,0.2362
01097,SERTP,0.2362
01099,SERTP,0.2362
01101,SERTP,0.2362
01103,SERTP,0.2362
01105,SERTP,0.2362
01107,SERTP,0.2362
01109,SERTP,0.2362
01111,SERTP,0.2362
01113,SERTP,0.2362
01115,SERTP,0.2362
01117,SERTP,0.2362
01119,SERTP,0.2362
01121,SERTP,0.2362
01123,SERTP,0.2362
01125,SERTP,0.2362
01127,SERTP,0.2362
01129,SERTP,0.2362
01131,SERTP,0.2362
01133,SERTP,0.2362
04001,WestConnect_South,0.139
04003,WestConnect_South,0.139
04005,WestConnect_South,0.139
04007,WestConnect_South,0.139
04009,WestConnect_South,0.139
04011,WestConnect_South,0.139
04012,WestConnect_South,0.139
04013,WestConnect_South,0.139
04015,WestConnect_South,0.139
04017,WestConnect_South,0.139
04019,WestConnect_South,0.139
04021,WestConnect_South,0.139
04023,WestConnect_South,0.139
04025,WestConnect_South,0.139
04027,WestConnect_South,0.139
05001,MISO_South,0.1866
05003,MISO_South,0.1866
05005,MISO_South,0.1866
05007,SPP_South,0.17
05009,SPP_South,0.17
05011,MISO_South,0.1866
05013,MISO_South,0.1866
05015,SPP_South,0.17
05017,MISO_South,0.1866
05019,MISO_South,0.1866
05021,MISO_South,0.1866
05023,SPP_South,0.17
05025,MISO_South,0.1866
05027,MISO_South,0.1866
05029,MISO_South,0.1866
05031,MISO_South,0.1866
05033,SPP_South,0.17
05035,MISO_South,0.1866
05037,MISO_South,0.1866
05039,MISO_South,0.1866
05041,MISO_South,0.1866
05043,MISO_South,0.1866
05045,MISO_South,0.1866
05047,SPP_South,0.17
05049,MISO_South,0.1866
05051,MISO_South,0.1866
05053,MISO_South,0.1866
05055,MISO_South,0.1866
05057,MISO_South,0.1866
05059,MISO_South,0.1866
05061,SPP_South,0.17
05063,MISO_South,0.1866
05065,MISO_South,0.1866
05067,MISO_South,0.1866
05069,MISO_South,0.1866
05071,SPP_South,0.17
05073,MISO_South,0.1866
05075,MISO_South,0.1866
05077,MISO_South,0.1866
05079,MISO_South,0.1866
05081,MISO_South,0.1866
05083,SPP_South,0.17
05085,MISO_South,0.1866
05087,SPP_South,0.17
05089,SPP_South,0.17
05091,MISO_South,0.1866
05093,MISO_South,0.1866
05095,MISO_South,0.1866
05097,SPP_South,0.17
05099,MISO_South,0.1866
05101,SPP_South,0.17
05103,MISO_South,0.1866
05105,MISO_South,0.1866
05107,MISO_South,0.1866
05109,SPP_South,0.17
05111,MISO_South,0.1866
05113,SPP_South,0.17
05115,MISO_South,0.1866
05117,MISO_South,0.1866
05119,MISO_South,0.1866
05121,MISO_South,0.1866
05123,MISO_South,0.1866
05125,MISO_South,0.1866
05127,SPP_South,0.17
05129,SPP_South,0.17
05131,SPP_South,0.17
05133,MISO_South,0.1866
05135,MISO_South,0.1866
05137,MISO_South,0.1866
05139,MISO_South,0.1866
05141,SPP_South,0.17
05143,SPP_South,0.17
05145,MISO_South,0.1866
05147,MISO_South,0.1866
05149,MISO_South,0.1866
06001,CAISO,0.0954
06003,CAISO,0.0954
06005,CAISO,0.0954
06007,CAISO,0.0954
06009,CAISO,0.0954
06011,CAISO,0.0954
06013,CAISO,0.0954
06015,CAISO,0.0954
06017,CAISO,0.0954
06019,CAISO,0.0954
06021,CAISO,0.0954
06023,CAISO,0.0954
06025,CAISO,0.0954
06027,CAISO,0.0954
06029,CAISO,0.0954
06031,CAISO,0.0954
06033,CAISO,0.0954
06035,NorthernGrid_South,0.1218
06037,CAISO,0.0954
06039,CAISO,0.0954
06041,CAISO,0.0954
06043,CAISO,0.0954
06045,CAISO,0.0954
06047,CAISO,0.0954
06049,NorthernGrid_South,0.1218
06051,CAISO,0.0954
06053,CAISO,0.0954
06055,CAISO,0.0954
06057,CAISO,0.0954
06059,CAISO,0.0954
06061,CAISO,0.0954
06063,CAISO,0.0954
06065,CAISO,0.0954
06067,CAISO,0.0954
06069,CAISO,0.0954
06071,CAISO,0.0954
06073,CAISO,0.0954
06075,CAISO,0.0954
06077,CAISO,0.0954
06079,CAISO,0.0954
06081,CAISO,0.0954
06083,CAISO,0.0954
06085,CAISO,0.0954
06087,CAISO,0.0954
06089,CAISO,0.0954
06091,CAISO,0.0954
06093,NorthernGrid_South,0.1218
06095,CAISO,0.0954
06097,CAISO,0.0954
06099,CAISO,0.0954
06101,CAISO,0.0954
06103,CAISO,0.0954
06105,CAISO,0.0954
06107,CAISO,0.0954
06109,CAISO,0.0954
06111,CAISO,0.0954
06113,CAISO,0.0954
06115,CAISO,0.0954
08001,WestConnect_North,0.1828
08003,WestConnect_North,0.1828
08005,WestConnect_North,0.1828
08007,WestConnect_North,0.1828
08009,WestConnect_North,0.1828
08011,WestConnect_North,0.1828
08013,WestConnect_North,0.1828
08014,WestConnect_North,0.1828
08015,WestConnect_North,0.1828
08017,WestConnect_North,0.1828
08019,WestConnect_North,0.1828
08021,WestConnect_North,0.1828
08023,WestConnect_North,0.1828
08025,WestConnect_North,0.1828
08027,WestConnect_North,0.1828
08029,WestConnect_North,0.1828
08031,WestConnect_North,0.1828
08033,WestConnect_North,0.1828
08035,WestConnect_North,0.1828
08037,WestConnect_North,0.1828
08039,WestConnect_North,0.1828
08041,WestConnect_North,0.1828
08043,WestConnect_North,0.1828
08045,WestConnect_North,0.1828
08047,WestConnect_North,0.1828
08049,WestConnect_North,0.1828
08051,WestConnect_North,0.1828
08053,WestConnect_North,0.1828
08055,WestConnect_North,0.1828
08057,WestConnect_North,0.1828
08059,WestConnect_North,0.1828
08061,WestConnect_North,0.1828
08063,WestConnect_North,0.1828
08065,WestConnect_North,0.1828
08067,WestConnect_North,0.1828
08069,WestConnect_North,0.1828
08071,WestConnect_North,0.1828
08073,WestConnect_North,0.1828
08075,WestConnect_North,0.1828
08077,WestConnect_North,0.1828
08079,WestConnect_North,0.1828
08081,WestConnect_North,0.1828
08083,WestConnect_North,0.1828
08085,WestConnect_North,0.1828
08087,WestConnect_North,0.1828
08089,WestConnect_North,0.1828
08091,WestConnect_North,0.1828
08093,WestConnect_North,0.1828
08095,WestConnect_North,0.1828
08097,WestConnect_North,0.1828
08099,WestConnect_North,0.1828
08101,WestConnect_North,0.1828
08103,WestConnect_North,0.1828
08105,WestConnect_North,0.1828
08107,WestConnect_North,0.1828
08109,WestConnect_North,0.1828
08111,WestConnect_North,0.1828
08113,WestConnect_North,0.1828
08115,WestConnect_North,0.1828
08117,WestConnect_North,0.1828
08119,WestConnect_North,0.1828
08121,WestConnect_North,0.1828
08123,WestConnect_North,0.1828
08125,WestConnect_North,0.1828
09001,ISONE,0.1366
09003,ISONE,0.1366
09005,ISONE,0.1366
09007,ISONE,0.1366
09009,ISONE,0.1366
09011,ISONE,0.1366
09013,ISONE,0.1366
09015,ISONE,0.1366
10001,PJM_East,0.2567
10003,PJM_East,0.2567
10005,PJM_East,0.2567
11001,PJM_East,0.2567
12001,FRCC,0.2502
12003,FRCC,0.2502
12005,SERTP,0.2362
12007,FRCC,0.2502
12009,FRCC,0.2502
12011,FRCC,0.2502
12013,SERTP,0.2362
12015,FRCC,0.2502
12017,FRCC,0.2502
12019,FRCC,0.2502
12021,FRCC,0.2502
12023,FRCC,0.2502
12027,FRCC,0.2502
12029,FRCC,0.2502
12031,FRCC,0.2502
12033,SERTP,0.2362
12035,FRCC,0.2502
12037,FRCC,0.2502
12039,FRCC,0.2502
12041,FRCC,0.2502
12043,FRCC,0.2502
12045,SERTP,0.2362
12047,FRCC,0.2502
12049,FRCC,0.2502
12051,FRCC,0.2502
12053,FRCC,0.2502
12055,FRCC,0.2502
12057,FRCC,0.2502
12059,SERTP,0.2362
12061,FRCC,0.2502
12063,SERTP,0.2362
12065,FRCC,0.2502
12067,FRCC,0.2502
12069,FRCC,0.2502
12071,FRCC,0.2502
12073,FRCC,0.2502
12075,FRCC,0.2502
12077,FRCC,0.2502
12079,FRCC,0.2502
12081,FRCC,0.2502
12083,FRCC,0.2502
12085,FRCC,0.2502
12086,FRCC,0.2502
12087,FRCC,0.2502
12089,FRCC,0.2502
12091,SERTP,0.2362
12093,FRCC,0.2502
12095,FRCC,0.2502
12097,FRCC,0.2502
12099,FRCC,0.2502
12101,FRCC,0.2502
12103,FRCC,0.2502
12105,FRCC,0.2502
12107,FRCC,0.2502
12109,FRCC,0.2502
12111,FRCC,0.2502
12113,SERTP,0.2362
12115,FRCC,0.2502
12117,FRCC,0.2502
12119,FRCC,0.2502
12121,FRCC,0.2502
12123,FRCC,0.2502
12125,FRCC,0.2502
12127,FRCC,0.2502
12129,FRCC,0.2502
12131,SERTP,0.2362
12133,SERTP,0.2362
13001,SERTP,0.2362
13003,SERTP,0.2362
13005,SERTP,0.2362
13007,SERTP,0.2362
13009,SERTP,0.2362
13011,SERTP,0.2362
13013,SERTP,0.2362
13015,SERTP,0.2362
13017,SERTP,0.2362
13019,SERTP,0.2362
13021,SERTP,0.2362
13023,SERTP,0.2362
13025,SERTP,0.2362
13027,SERTP,0.2362
13029,SERTP,0.2362
13031,SERTP,0.2362
13033,SERTP,0.2362
13035,SERTP,0.2362
13037,SERTP,0.2362
13039,SERTP,0.2362
13043,SERTP,0.2362
13045,SERTP,0.2362
13047,SERTP,0.2362
13049,SERTP,0.2362
13051,SERTP,0.2362
13053,SERTP,0.2362
13055,SERTP,0.2362
13057,SERTP,0.2362
13059,SERTP,0.2362
13061,SERTP,0.2362
13063,SERTP,0.2362
13065,SERTP,0.2362
13067,SERTP,0.2362
13069,SERTP,0.2362
13071,SERTP,0.2362
13073,SERTP,0.2362
13075,SERTP,0.2362
13077,SERTP,0.2362
13079,SERTP,0.2362
13081,SERTP,0.2362
13083,SERTP,0.2362
13085,SERTP,0.2362
13087,SERTP,0.2362
13089,SERTP,0.2362
13091,SERTP,0.2362
13093,SERTP,0.2362
13095,SERTP,0.2362
13097,SERTP,0.2362
13099,SERTP,0.2362
13101,SERTP,0.2362
13103,SERTP,0.2362
13105,SERTP,0.2362
13107,SERTP,0.2362
13109,SERTP,0.2362
13111,SERTP,0.2362
13113,SERTP,0.2362
13115,SERTP,0.2362
13117,SERTP,0.2362
13119,SERTP,0.2362
13121,SERTP,0.2362
13123,SERTP,0.2362
13125,SERTP,0.2362
13127,SERTP,0.2362
13129,SERTP,0.2362
13131,SERTP,0.2362
13133,SERTP,0.2362
13135,SERTP,0.2362
13137,SERTP,0.2362
13139,SERTP,0.2362
13141,SERTP,0.2362
13143,SERTP,0.2362
13145,SERTP,0.2362
13147,SERTP,0.2362
13149,SERTP,0.2362
13151,SERTP,0.2362
13153,SERTP,0.2362
13155,SERTP,0.2362
13157,SERTP,0.2362
13159,SERTP,0.2362
13161,SERTP,0.2362
13163,SERTP,0.2362
13165,SERTP,0.2362
13167,SERTP,0.2362
13169,SERTP,0.2362
13171,SERTP,0.2362
13173,SERTP,0.2362
13175,SERTP,0.2362
13177,SERTP,0.2362
13179,SERTP,0.2362
13181,SERTP,0.2362
13183,SERTP,0.2362
13185,SERTP,0.2362
13187,SERTP,0.2362
13189,SERTP,0.2362
13191,SERTP,0.2362
13193,SERTP,0.2362
13195,SERTP,0.2362
13197,SERTP,0.2362
13199,SERTP,0.2362
13201,SERTP,0.2362
13205,SERTP,0.2362
13207,SERTP,0.2362
13209,SERTP,0.2362
13211,SERTP,0.2362
13213,SERTP,0.2362
13215,SERTP,0.2362
13217,SERTP,0.2362
13219,SERTP,0.2362
13221,SERTP,0.2362
13223,SERTP,0.2362
13225,SERTP,0.2362
13227,SERTP,0.2362
13229,SERTP,0.2362
13231,SERTP,0.2362
13233,SERTP,0.2362
13235,SERTP,0.2362
13237,SERTP,0.2362
13239,SERTP,0.2362
13241,SERTP,0.2362
13243,SERTP,0.2362
13245,SERTP,0.2362
13247,SERTP,0.2362
13249,SERTP,0.2362
13251,SERTP,0.2362
13253,SERTP,0.2362
13255,SERTP,0.2362
13257,SERTP,0.2362
13259,SERTP,0.2362
13261,SERTP,0.2362
13263,SERTP,0.2362
13265,SERTP,0.2362
13267,SERTP,0.2362
13269,SERTP,0.2362
13271,SERTP,0.2362
13273,SERTP,0.2362
13275,SERTP,0.2362
13277,SERTP,0.2362
13279,SERTP,0.2362
13281,SERTP,0.2362
13283,SERTP,0.2362
13285,SERTP,0.2362
13287,SERTP,0.2362
13289,SERTP,0.2362
13291,SERTP,0.2362
13293,SERTP,0.2362
13295,SERTP,0.2362
13297,SERTP,0.2362
13299,SERTP,0.2362
13301,SERTP,0.2362
13303,SERTP,0.2362
13305,SERTP,0.2362
13307,SERTP,0.2362
13309,SERTP,0.2362
13311,SERTP,0.2362
13313,SERTP,0.2362
13315,SERTP,0.2362
13317,SERTP,0.2362
13319,SERTP,0.2362
13321,SERTP,0.2362
16001,NorthernGrid_East,0.143
16003,NorthernGrid_East,0.143
16005,NorthernGrid_East,0.143
16007,NorthernGrid_East,0.143
16009,NorthernGrid_East,0.143
16011,NorthernGrid_East,0.143
16013,NorthernGrid_East,0.143
16015,NorthernGrid_East,0.143
16017,NorthernGrid_East,0.143
16019,NorthernGrid_East,0.143
16021,NorthernGrid_East,0.143
16023,NorthernGrid_East,0.143
16025,NorthernGrid_East,0.143
16027,NorthernGrid_East,0.143
16029,NorthernGrid_East,0.143
16031,NorthernGrid_East,0.143
16033,NorthernGrid_East,0.143
16035,NorthernGrid_East,0.143
16037,NorthernGrid_East,0.143
16039,NorthernGrid_East,0.143
16041,NorthernGrid_East,0.143
16043,NorthernGrid_East,0.143
16045,NorthernGrid_East,0.143
16047,NorthernGrid_East,0.143
16049,NorthernGrid_East,0.143
16051,NorthernGrid_East,0.143
16053,NorthernGrid_East,0.143
16055,NorthernGrid_East,0.143
16057,NorthernGrid_East,0.143
16059,NorthernGrid_East,0.143
16061,NorthernGrid_East,0.143
16063,NorthernGrid_East,0.143
16065,NorthernGrid_East,0.143
16067,NorthernGrid_East,0.143
16069,NorthernGrid_East,0.143
16071,NorthernGrid_East,0.143
16073,NorthernGrid_East,0.143
16075,NorthernGrid_East,0.143
16077,NorthernGrid_East,0.143
16079,NorthernGrid_East,0.143
16081,NorthernGrid_East,0.143
16083,NorthernGrid_East,0.143
16085,NorthernGrid_East,0.143
16087,NorthernGrid_East,0.143
17001,MISO_Central,0.2321
17003,MISO_Central,0.2321
17005,MISO_Central,0.2321
17007,PJM_West,0.1671
17009,MISO_Central,0.2321
17011,MISO_Central,0.2321
17013,MISO_Central,0.2321
17015,PJM_West,0.1671
17017,MISO_Central,0.2321
17019,MISO_Central,0.2321
17021,MISO_Central,0.2321
17023,MISO_Central,0.2321
17025,MISO_Central,0.2321
17027,MISO_Central,0.2321
17029,MISO_Central,0.2321
17031,PJM_West,0.1671
17033,MISO_Central,0.2321
17035,MISO_Central,0.2321
17037,PJM_West,0.1671
17039,MISO_Central,0.2321
17041,MISO_Central,0.2321
17043,PJM_West,0.1671
17045,MISO_Central,0.2321
17047,MISO_Central,0.2321
17049,MISO_Central,0.2321
17051,MISO_Central,0.2321
17053,MISO_Central,0.2321
17055,MISO_Central,0.2321
17057,MISO_Central,0.2321
17059,MISO_Central,0.2321
17061,MISO_Central,0.2321
17063,PJM_West,0.1671
17065,MISO_Central,0.2321
17067,MISO_Central,0.2321
17069,MISO_Central,0.2321
17071,MISO_Central,0.2321
17073,MISO_Central,0.2321
17075,MISO_Central,0.2321
17077,MISO_Central,0.2321
17079,MISO_Central,0.2321
17081,MISO_Central,0.2321
17083,MISO_Central,0.2321
17085,PJM_West,0.1671
17087,MISO_Central,0.2321
17089,PJM_West,0.1671
17091,PJM_West,0.1671
17093,PJM_West,0.1671
17095,MISO_Central,0.2321
17097,PJM_West,0.1671
17099,PJM_West,0.1671
17101,MISO_Central,0.2321
17103,PJM_West,0.1671
17105,PJM_West,0.1671
17107,MISO_Central,0.2321
17109,MISO_Central,0.2321
17111,PJM_West,0.1671
17113,MISO_Central,0.2321
17115,MISO_Central,0.2321
17117,MISO_Central,0.2321
17119,MISO_Central,0.2321
17121,MISO_Central,0.2321
17123,MISO_Central,0.2321
17125,MISO_Central,0.2321
17127,MISO_Central,0.2321
17129,MISO_Central,0.2321
17131,MISO_Central,0.2321
17133,MISO_Central,0.2321
17135,MISO_Central,0.2321
17137,MISO_Central,0.2321
17139,MISO_Central,0.2321
17141,PJM_West,0.1671
17143,MISO_Central,0.2321
17145,MISO_Central,0.2321
17147,MISO_Central,0.2321
17149,MISO_Central,0.2321
17151,MISO_Central,0.2321
17153,MISO_Central,0.2321
17155,MISO_Central,0.2321
17157,MISO_Central,0.2321
17159,MISO_Central,0.2321
17161,MISO_Central,0.2321
17163,MISO_Central,0.2321
17165,MISO_Central,0.2321
17167,MISO_Central,0.2321
17169,MISO_Central,0.2321
17171,MISO_Central,0.2321
17173,MISO_Central,0.2321
17175,MISO_Central,0.2321
17177,PJM_West,0.1671
17179,MISO_Central,0.2321
17181,MISO_Central,0.2321
17183,MISO_Central,0.2321
17185,MISO_Central,0.2321
17187,MISO_Central,0.2321
17189,MISO_Central,0.2321
17191,MISO_Central,0.2321
17193,MISO_Central,0.2321
17195,PJM_West,0.1671
17197,PJM_West,0.1671
17199,MISO_Central,0.2321
17201,PJM_West,0.1671
17203,MISO_Central,0.2321
18001,MISO_Central,0.2321
18003,MISO_Central,0.2321
18005,MISO_Central,0.2321
18007,MISO_Central,0.2321
18009,MISO_Central,0.2321
18011,MISO_Central,0.2321
18013,MISO_Central,0.2321
18015,MISO_Central,0.2321
18017,MISO_Central,0.2321
18019,MISO_Central,0.2321
18021,MISO_Central,0.2321
18023,MISO_Central,0.2321
18025,MISO_Central,0.2321
18027,MISO_Central,0.2321
18029,MISO_Central,0.2321
18031,MISO_Central,0.2321
18033,MISO_Central,0.2321
18035,MISO_Central,0.2321
18037,MISO_Central,0.2321
18039,MISO_Central,0.2321
18041,MISO_Central,0.2321
18043,MISO_Central,0.2321
18045,MISO_Central,0.2321
18047,MISO_Central,0.2321
18049,MISO_Central,0.2321
18051,MISO_Central,0.2321
18053,MISO_Central,0.2321
18055,MISO_Central,0.2321
18057,MISO_Central,0.2321
18059,MISO_Central,0.2321
18061,MISO_Central,0.2321
18063,MISO_Central,0.2321
18065,MISO_Central,0.2321
18067,MISO_Central,0.2321
18069,MISO_Central,0.2321
18071,MISO_Central,0.2321
18073,MISO_Central,0.2321
18075,MISO_Central,0.2321
18077,MISO_Central,0.2321
18079,MISO_Central,0.2321
18081,MISO_Central,0.2321
18083,MISO_Central,0.2321
18085,MISO_Central,0.2321
18087,MISO_Central,0.2321
18089,MISO_Central,0.2321
18091,MISO_Central,0.2321
18093,MISO_Central,0.2321
18095,MISO_Central,0.2321
18097,MISO_Central,0.2321
18099,MISO_Central,0.2321
18101,MISO_Central,0.2321
18103,MISO_Central,0.2321
18105,MISO_Central,0.2321
18107,MISO_Central,0.2321
18109,MISO_Central,0.2321
18111,MISO_Central,0.2321
18113,MISO_Central,0.2321
18115,MISO_Central,0.2321
18117,MISO_Central,0.2321
18119,MISO_Central,0.2321
18121,MISO_Central,0.2321
18123,MISO_Central,0.2321
18125,MISO_Central,0.2321
18127,MISO_Central,0.2321
18129,MISO_Central,0.2321
18131,MISO_Central,0.2321
18133,MISO_Central,0.2321
18135,MISO_Central,0.2321
18137,MISO_Central,0.2321
18139,MISO_Central,0.2321
18141,MISO_Central,0.2321
18143,MISO_Central,0.2321
18145,MISO_Central,0.2321
18147,MISO_Central,0.2321
18149,MISO_Central,0.2321
18151,MISO_Central,0.2321
18153,MISO_Central,0.2321
18155,MISO_Central,0.2321
18157,MISO_Central,0.2321
18159,MISO_Central,0.2321
18161,MISO_Central,0.2321
18163,MISO_Central,0.2321
18165,MISO_Central,0.2321
18167,MISO_Central,0.2321
18169,MISO_Central,0.2321
18171,MISO_Central,0.2321
18173,MISO_Central,0.2321
18175,MISO_Central,0.2321
18177,MISO_Central,0.2321
18179,MISO_Central,0.2321
18181,MISO_Central,0.2321
18183,MISO_Central,0.2321
19001,MISO_North,0.1424
19003,MISO_North,0.1424
19005,MISO_North,0.1424
19007,MISO_North,0.1424
19009,MISO_North,0.1424
19011,MISO_North,0.1424
19013,MISO_North,0.1424
19015,MISO_North,0.1424
19017,MISO_North,0.1424
19019,MISO_North,0.1424
19021,MISO_North,0.1424
19023,MISO_North,0.1424
19025,MISO_North,0.1424
19027,MISO_North,0.1424
19029,MISO_North,0.1424
19031,MISO_North,0.1424
19033,MISO_North,0.1424
19035,MISO_North,0.1424
19037,MISO_North,0.1424
19039,MISO_North,0.1424
19041,MISO_North,0.1424
19043,MISO_North,0.1424
19045,MISO_North,0.1424
19047,MISO_North,0.1424
19049,MISO_North,0.1424
19051,MISO_North,0.1424
19053,MISO_North,0.1424
19055,MISO_North,0.1424
19057,MISO_North,0.1424
19059,MISO_North,0.1424
19061,MISO_North,0.1424
19063,MISO_North,0.1424
19065,MISO_North,0.1424
19067,MISO_North,0.1424
19069,MISO_North,0.1424
19071,MISO_North,0.1424
19073,MISO_North,0.1424
19075,MISO_North,0.1424
19077,MISO_North,0.1424
19079,MISO_North,0.1424
19081,MISO_North,0.1424
19083,MISO_North,0.1424
19085,MISO_North,0.1424
19087,MISO_North,0.1424
19089,MISO_North,0.1424
19091,MISO_North,0.1424
19093,MISO_North,0.1424
19095,MISO_North,0.1424
19097,MISO_North,0.1424
19099,MISO_North,0.1424
19101,MISO_North,0.1424
19103,MISO_North,0.1424
19105,MISO_North,0.1424
19107,MISO_North,0.1424
19109,MISO_North,0.1424
19111,MISO_North,0.1424
19113,MISO_North,0.1424
19115,MISO_North,0.1424
19117,MISO_North,0.1424
19119,MISO_North,0.1424
19121,MISO_North,0.1424
19123,MISO_North,0.1424
19125,MISO_North,0.1424
19127,MISO_North,0.1424
19129,MISO_North,0.1424
19131,MISO_North,0.1424
19133,MISO_North,0.1424
19135,MISO_North,0.1424
19137,MISO_North,0.1424
19139,MISO_North,0.1424
19141,MISO_North,0.1424
19143,MISO_North,0.1424
19145,MISO_North,0.1424
19147,MISO_North,0.1424
19149,MISO_North,0.1424
19151,MISO_North,0.1424
19153,MISO_North,0.1424
19155,MISO_North,0.1424
19157,MISO_North,0.1424
19159,MISO_North,0.1424
19161,MISO_North,0.1424
19163,MISO_North,0.1424
19165,MISO_North,0.1424
19167,MISO_North,0.1424
19169,MISO_North,0.1424
19171,MISO_North,0.1424
19173,MISO_North,0.1424
19175,MISO_North,0.1424
19177,MISO_North,0.1424
19179,MISO_North,0.1424
19181,MISO_North,0.1424
19183,MISO_North,0.1424
19185,MISO_North,0.1424
19187,MISO_North,0.1424
19189,MISO_North,0.1424
19191,MISO_North,0.1424
19193,MISO_North,0.1424
19195,MISO_North,0.1424
19197,MISO_North,0.1424
20001,SPP_South,0.17
20003,SPP_South,0.17
20005,SPP_South,0.17
20007,SPP_South,0.17
20009,SPP_South,0.17
20011,SPP_South,0.17
20013,SPP_South,0.17
20015,SPP_South,0.17
20017,SPP_South,0.17
20019,SPP_South,0.17
20021,SPP_South,0.17
20023,SPP_South,0.17
20025,SPP_South,0.17
20027,SPP_South,0.17
20029,SPP_South,0.17
20031,SPP_South,0.17
20033,SPP_South,0.17
20035,SPP_South,0.17
20037,SPP_South,0.17
20039,SPP_South,0.17
20041,SPP_South,0.17
20043,SPP_South,0.17
20045,SPP_South,0.17
20047,SPP_South,0.17
20049,SPP_South,0.17
20051,SPP_South,0.17
20053,SPP_South,0.17
20055,SPP_South,0.17
20057,SPP_South,0.17
20059,SPP_South,0.17
20061,SPP_South,0.17
20063,SPP_South,0.17
20065,SPP_South,0.17
20067,SPP_South,0.17
20069,SPP_South,0.17
20071,SPP_South,0.17
20073,SPP_South,0.17
20075,SPP_South,0.17
20077,SPP_South,0.17
20079,SPP_South,0.17
20081,SPP_South,0.17
20083,SPP_South,0.17
20085,SPP_South,0.17
20087,SPP_South,0.17
20089,SPP_South,0.17
20091,SPP_South,0.17
20093,SPP_South,0.17
20095,SPP_South,0.17
20097,SPP_South,0.17
20099,SPP_South,0.17
20101,SPP_South,0.17
20103,SPP_South,0.17
20105,SPP_South,0.17
20107,SPP_South,0.17
20109,SPP_South,0.17
20111,SPP_South,0.17
20113,SPP_South,0.17
20115,SPP_South,0.17
20117,SPP_South,0.17
20119,SPP_South,0.17
20121,SPP_South,0.17
20123,SPP_South,0.17
20125,SPP_South,0.17
20127,SPP_South,0.17
20129,SPP_South,0.17
20131,SPP_South,0.17
20133,SPP_South,0.17
20135,SPP_South,0.17
20137,SPP_South,0.17
20139,SPP_South,0.17
20141,SPP_South,0.17
20143,SPP_South,0.17
20145,SPP_South,0.17
20147,SPP_South,0.17
20149,SPP_South,0.17
20151,SPP_South,0.17
20153,SPP_South,0.17
20155,SPP_South,0.17
20157,SPP_South,0.17
20159,SPP_South,0.17
20161,SPP_South,0.17
20163,SPP_South,0.17
20165,SPP_South,0.17
20167,SPP_South,0.17
20169,SPP_South,0.17
20171,SPP_South,0.17
20173,SPP_South,0.17
20175,SPP_South,0.17
20177,SPP_South,0.17
20179,SPP_South,0.17
20181,SPP_South,0.17
20183,SPP_South,0.17
20185,SPP_South,0.17
20187,SPP_South,0.17
20189,SPP_South,0.17
20191,SPP_South,0.17
20193,SPP_South,0.17
20195,SPP_South,0.17
20197,SPP_South,0.17
20199,SPP_South,0.17
20201,SPP_South,0.17
20203,SPP_South,0.17
20205,SPP_South,0.17
20207,SPP_South,0.17
20209,SPP_South,0.17
21001,PJM_East,0.2567
21003,SERTP,0.2362
21005,PJM_East,0.2567
21007,SERTP,0.2362
21009,PJM_East,0.2567
21011,PJM_East,0.2567
21013,PJM_East,0.2567
21015,PJM_East,0.2567
21017,PJM_East,0.2567
21019,PJM_East,0.2567
21021,PJM_East,0.2567
21023,PJM_East,0.2567
21025,PJM_East,0.2567
21027,MISO_Central,0.2321
21029,PJM_East,0.2567
21031,SERTP,0.2362
21033,MISO_Central,0.2321
21035,SERTP,0.2362
21037,PJM_East,0.2567
21039,SERTP,0.2362
21041,PJM_East,0.2567
21043,PJM_East,0.2567
21045,PJM_East,0.2567
21047,SERTP,0.2362
21049,PJM_East,0.2567
21051,PJM_East,0.2567
21053,SERTP,0.2362
21055,MISO_Central,0.2321
21057,SERTP,0.2362
21059,MISO_Central,0.2321
21061,PJM_East,0.2567
21063,PJM_East,0.2567
21065,PJM_East,0.2567
21067,PJM_East,0.2567
21069,PJM_East,0.2567
21071,PJM_East,0.2567
21073,PJM_East,0.2567
21075,SERTP,0.2362
21077,PJM_East,0.2567
21079,PJM_East,0.2567
21081,PJM_East,0.2567
21083,SERTP,0.2362
21085,MISO_Central,0.2321
21087,PJM_East,0.2567
21089,PJM_East,0.2567
21091,MISO_Central,0.2321
21093,PJM_East,0.2567
21095,PJM_East,0.2567
21097,PJM_East,0.2567
21099,PJM_East,0.2567
21101,MISO_Central,0.2321
21103,PJM_East,0.2567
21105,SERTP,0.2362
21107,MISO_Central,0.2321
21109,PJM_East,0.2567
21111,PJM_East,0.2567
21113,PJM_East,0.2567
21115,PJM_East,0.2567
21117,PJM_East,0.2567
21119,PJM_East,0.2567
21121,PJM_East,0.2567
21123,PJM_East,0.2567
21125,PJM_East,0.2567
21127,PJM_East,0.2567
21129,PJM_East,0.2567
21131,PJM_East,0.2567
21133,PJM_East,0.2567
21135,PJM_East,0.2567
21137,PJM_East,0.2567
21139,SERTP,0.2362
21141,SERTP,0.2362
21143,SERTP,0.2362
21145,SERTP,0.2362
21147,SERTP,0.2362
21149,MISO_Central,0.2321
21151,PJM_East,0.2567
21153,PJM_East,0.2567
21155,PJM_East,0.2567
21157,SERTP,0.2362
21159,PJM_East,0.2567
21161,PJM_East,0.2567
21163,PJM_East,0.2567
21165,PJM_East,0.2567
21167,PJM_East,0.2567
21169,SERTP,0.2362
21171,SERTP,0.2362
21173,PJM_East,0.2567
21175,PJM_East,0.2567
21177,MISO_Central,0.2321
21179,PJM_East,0.2567
21181,PJM_East,0.2567
21183,MISO_Central,0.2321
21185,PJM_East,0.2567
21187,PJM_East,0.2567
21189,PJM_East,0.2567
21191,PJM_East,0.2567
21193,PJM_East,0.2567
21195,PJM_East,0.2567
21197,PJM_East,0.2567
21199,SERTP,0.2362
21201,PJM_East,0.2567
21203,PJM_East,0.2567
21205,PJM_East,0.2567
21207,SERTP,0.2362
21209,PJM_East,0.2567
21211,PJM_East,0.2567
21213,SERTP,0.2362
21215,PJM_East,0.2567
21217,PJM_East,0.2567
21219,SERTP,0.2362
21221,SERTP,0.2362
21223,PJM_East,0.2567
21225,MISO_Central,0.2321
21227,SERTP,0.2362
21229,PJM_East,0.2567
21231,SERTP,0.2362
21233,MISO_Central,0.2321
21235,PJM_East,0.2567
21237,PJM_East,0.2567
21239,PJM_East,0.2567
22001,MISO_South,0.1866
22003,MISO_South,0.1866
22005,MISO_South,0.1866
22007,MISO_South,0.1866
22009,MISO_South,0.1866
22011,MISO_South,0.1866
22013,MISO_South,0.1866
22015,MISO_South,0.1866
22017,MISO_South,0.1866
22019,MISO_South,0.1866
22021,MISO_South,0.1866
22023,MISO_South,0.1866
22025,MISO_South,0.1866
22027,MISO_South,0.1866
22029,MISO_South,0.1866
22031,MISO_South,0.1866
22033,MISO_South,0.1866
22035,MISO_South,0.1866
22037,MISO_South,0.1866
22039,MISO_South,0.1866
22041,MISO_South,0.1866
22043,MISO_South,0.1866
22045,MISO_South,0.1866
22047,MISO_South,0.1866
22049,MISO_South,0.1866
22051,MISO_South,0.1866
22053,MISO_South,0.1866
22055,MISO_South,0.1866
22057,MISO_South,0.1866
22059,MISO_South,0.1866
22061,MISO_South,0.1866
22063,MISO_South,0.1866
22065,MISO_South,0.1866
22067,MISO_South,0.1866
22069,MISO_South,0.1866
22071,MISO_South,0.1866
22073,MISO_South,0.1866
22075,MISO_South,0.1866
22077,MISO_South,0.1866
22079,MISO_South,0.1866
22081,MISO_South,0.1866
22083,MISO_South,0.1866
22085,MISO_South,0.1866
22087,MISO_South,0.1866
22089,MISO_South,0.1866
22091,MISO_South,0.1866
22093,MISO_South,0.1866
22095,MISO_South,0.1866
22097,MISO_South,0.1866
22099,MISO_South,0.1866
22101,MISO_South,0.1866
22103,MISO_South,0.1866
22105,MISO_South,0.1866
22107,MISO_South,0.1866
22109,MISO_South,0.1866
22111,MISO_South,0.1866
22113,MISO_South,0.1866
22115,MISO_South,0.1866
22117,MISO_South,0.1866
22119,MISO_South,0.1866
22121,MISO_South,0.1866
22123,MISO_South,0.1866
22125,MISO_South,0.1866
22127,MISO_South,0.1866
23001,ISONE,0.1366
23003,ISONE,0.1366
23005,ISONE,0.1366
23007,ISONE,0.1366
23009,ISONE,0.1366
23011,ISONE,0.1366
23013,ISONE,0.1366
23015,ISONE,0.1366
23017,ISONE,0.1366
23019,ISONE,0.1366
23021,ISONE,0.1366
23023,ISONE,0.1366
23025,ISONE,0.1366
23027,ISONE,0.1366
23029,ISONE,0.1366
23031,ISONE,0.1366
24001,PJM_East,0.2567
24003,PJM_East,0.2567
24005,PJM_East,0.2567
24009,PJM_East,0.2567
24011,PJM_East,0.2567
24013,PJM_East,0.2567
24015,PJM_East,0.2567
24017,PJM_East,0.2567
24019,PJM_East,0.2567
24021,PJM_East,0.2567
24023,PJM_East,0.2567
24025,PJM_East,0.2567
24027,PJM_East,0.2567
24029,PJM_East,0.2567
24031,PJM_East,0.2567
24033,PJM_East,0.2567
24035,PJM_East,0.2567
24037,PJM_East,0.2567
24039,PJM_East,0.2567
24041,PJM_East,0.2567
24043,PJM_East,0.2567
24045,PJM_East,0.2567
24047,PJM_East,0.2567
24510,PJM_East,0.2567
25001,ISONE,0.1366
25003,ISONE,0.1366
25005,ISONE,0.1366
25007,ISONE,0.1366
25009,ISONE,0.1366
25011,ISONE,0.1366
25013,ISONE,0.1366
25015,ISONE,0.1366
25017,ISONE,0.1366
25019,ISONE,0.1366
25021,ISONE,0.1366
25023,ISONE,0.1366
25025,ISONE,0.1366
25027,ISONE,0.1366
26001,MISO_Central,0.2321
26003,MISO_North,0.1424
26005,MISO_Central,0.2321
26007,MISO_Central,0.2321
26009,MISO_Central,0.2321
26011,MISO_Central,0.2321
26013,MISO_North,0.1424
26015,MISO_Central,0.2321
26017,MISO_Central,0.2321
26019,MISO_Central,0.2321
26021,PJM_West,0.1671
26023,MISO_Central,0.2321
26025,MISO_Central,0.2321
26027,PJM_West,0.1671
26029,MISO_Central,0.2321
26031,MISO_Central,0.2321
26033,MISO_Central,0.2321
26035,MISO_Central,0.2321
26037,MISO_Central,0.2321
26039,MISO_Central,0.2321
26041,MISO_North,0.1424
26043,MISO_North,0.1424
26045,MISO_Central,0.2321
26047,MISO_Central,0.2321
26049,MISO_Central,0.2321
26051,MISO_Central,0.2321
26053,MISO_North,0.1424
26055,MISO_Central,0.2321
26057,MISO_Central,0.2321
26059,MISO_Central,0.2321
26061,MISO_North,0.1424
26063,MISO_Central,0.2321
26065,MISO_Central,0.2321
26067,MISO_Central,0.2321
26069,MISO_Central,0.2321
26071,MISO_North,0.1424
26073,MISO_Central,0.2321
26075,MISO_Central,0.2321
26077,PJM_West,0.1671
26079,MISO_Central,0.2321
26081,MISO_Central,0.2321
26083,MISO_North,0.1424
26085,MISO_Central,0.2321
26087,MISO_Central,0.2321
26089,MISO_Central,0.2321
26091,MISO_Central,0.2321
26093,MISO_Central,0.2321
26095,MISO_Central,0.2321
26097,MISO_Central,0.2321
26099,MISO_Central,0.2321
26101,MISO_Central,0.2321
26103,MISO_North,0.1424
26105,MISO_Central,0.2321
26107,MISO_Central,0.2321
26109,MISO_North,0.1424
26111,MISO_Central,0.2321
26113,MISO_Central,0.2321
26115,MISO_Central,0.2321
26117,MISO_Central,0.2321
26119,MISO_Central,0.2321
26121,MISO_Central,0.2321
26123,MISO_Central,0.2321
26125,MISO_Central,0.2321
26127,MISO_Central,0.2321
26129,MISO_Central,0.2321
26131,MISO_North,0.1424
26133,MISO_Central,0.2321
26135,MISO_Central,0.2321
26137,MISO_Central,0.2321
26139,MISO_Central,0.2321
26141,MISO_Central,0.2321
26143,MISO_Central,0.2321
26145,MISO_Central,0.2321
26147,MISO_Central,0.2321
26149,PJM_West,0.1671
26151,MISO_Central,0.2321
26153,MISO_Central,0.2321
26155,MISO_Central,0.2321
26157,MISO_Central,0.2321
26159,PJM_West,0.1671
26161,MISO_Central,0.2321
26163,MISO_Central,0.2321
26165,MISO_Central,0.2321
27001,MISO_North,0.1424
27003,MISO_North,0.1424
27005,MISO_North,0.1424
27007,MISO_North,0.1424
27009,MISO_North,0.1424
27011,MISO_North,0.1424
27013,MISO_North,0.1424
27015,MISO_North,0.1424
27017,MISO_North,0.1424
27019,MISO_North,0.1424
27021,MISO_North,0.1424
27023,MISO_North,0.1424
27025,MISO_North,0.1424
27027,MISO_North,0.1424
27029,MISO_North,0.1424
27031,MISO_North,0.1424
27033,MISO_North,0.1424
27035,MISO_North,0.1424
27037,MISO_North,0.1424
27039,MISO_North,0.1424
27041,MISO_North,0.1424
27043,MISO_North,0.1424
27045,MISO_North,0.1424
27047,MISO_North,0.1424
27049,MISO_North,0.1424
27051,MISO_North,0.1424
27053,MISO_North,0.1424
27055,MISO_North,0.1424
27057,MISO_North,0.1424
27059,MISO_North,0.1424
27061,MISO_North,0.1424
27063,MISO_North,0.1424
27065,MISO_North,0.1424
27067,MISO_North,0.1424
27069,MISO_North,0.1424
27071,MISO_North,0.1424
27073,MISO_North,0.1424
27075,MISO_North,0.1424
27077,MISO_North,0.1424
27079,MISO_North,0.1424
27081,MISO_North,0.1424
27083,MISO_North,0.1424
27085,MISO_North,0.1424
27087,MISO_North,0.1424
27089,MISO_North,0.1424
27091,MISO_North,0.1424
27093,MISO_North,0.1424
27095,MISO_North,0.1424
27097,MISO_North,0.1424
27099,MISO_North,0.1424
27101,MISO_North,0.1424
27103,MISO_North,0.1424
27105,MISO_North,0.1424
27107,MISO_North,0.1424
27109,MISO_North,0.1424
27111,MISO_North,0.1424
27113,MISO_North,0.1424
27115,MISO_North,0.1424
27117,MISO_North,0.1424
27119,MISO_North,0.1424
27121,MISO_North,0.1424
27123,MISO_North,0.1424
27125,MISO_North,0.1424
27127,MISO_North,0.1424
27129,MISO_North,0.1424
27131,MISO_North,0.1424
27133,MISO_North,0.1424
27135,MISO_North,0.1424
27137,MISO_North,0.1424
27139,MISO_North,0.1424
27141,MISO_North,0.1424
27143,MISO_North,0.1424
27145,MISO_North,0.1424
27147,MISO_North,0.1424
27149,MISO_North,0.1424
27151,MISO_North,0.1424
27153,MISO_North,0.1424
27155,MISO_North,0.1424
27157,MISO_North,0.1424
27159,MISO_North,0.1424
27161,MISO_North,0.1424
27163,MISO_North,0.1424
27165,MISO_North,0.1424
27167,MISO_North,0.1424
27169,MISO_North,0.1424
27171,MISO_North,0.1424
27173,MISO_North,0.1424
28001,MISO_South,0.1866
28003,SERTP,0.2362
28005,MISO_South,0.1866
28007,MISO_South,0.1866
28009,SERTP,0.2362
28011,MISO_South,0.1866
28013,SERTP,0.2362
28015,MISO_South,0.1866
28017,SERTP,0.2362
28019,SERTP,0.2362
28021,MISO_South,0.1866
28023,MISO_South,0.1866
28025,SERTP,0.2362
28027,MISO_South,0.1866
28029,MISO_South,0.1866
28031,MISO_South,0.1866
28033,MISO_South,0.1866
28035,MISO_South,0.1866
28037,MISO_South,0.1866
28039,MISO_South,0.1866
28041,MISO_South,0.1866
28043,MISO_South,0.1866
28045,MISO_South,0.1866
28047,MISO_South,0.1866
28049,MISO_South,0.1866
28051,MISO_South,0.1866
28053,MISO_South,0.1866
28055,MISO_South,0.1866
28057,SERTP,0.2362
28059,MISO_South,0.1866
28061,MISO_South,0.1866
28063,MISO_South,0.1866
28065,MISO_South,0.1866
28067,MISO_South,0.1866
28069,SERTP,0.2362
28071,SERTP,0.2362
28073,MISO_South,0.1866
28075,MISO_South,0.1866
28077,MISO_South,0.1866
28079,MISO_South,0.1866
28081,SERTP,0.2362
28083,MISO_South,0.1866
28085,MISO_South,0.1866
28087,SERTP,0.2362
28089,MISO_South,0.1866
28091,MISO_South,0.1866
28093,SERTP,0.2362
28095,SERTP,0.2362
28097,MISO_South,0.1866
28099,SERTP,0.2362
28101,MISO_South,0.1866
28103,SERTP,0.2362
28105,SERTP,0.2362
28107,MISO_South,0.1866
28109,MISO_South,0.1866
28111,MISO_South,0.1866
28113,MISO_South,0.1866
28115,SERTP,0.2362
28117,SERTP,0.2362
28119,MISO_South,0.1866
28121,MISO_South,0.1866
28123,MISO_South,0.1866
28125,MISO_South,0.1866
28127,MISO_South,0.1866
28129,MISO_South,0.1866
28131,MISO_South,0.1866
28133,MISO_South,0.1866
28135,MISO_South,0.1866
28137,MISO_South,0.1866
28139,SERTP,0.2362
28141,SERTP,0.2362
28143,MISO_South,0.1866
28145,SERTP,0.2362
28147,MISO_South,0.1866
28149,MISO_South,0.1866
28151,MISO_South,0.1866
28153,MISO_South,0.1866
28155,SERTP,0.2362
28157,MISO_South,0.1866
28159,SERTP,0.2362
28161,SERTP,0.2362
28163,MISO_South,0.1866
29001,MISO_Central,0.2321
29003,SPP_South,0.17
29005,SPP_South,0.17
29007,MISO_Central,0.2321
29009,SPP_South,0.17
29011,SPP_South,0.17
29013,SPP_South,0.17
29015,SPP_South,0.17
29017,MISO_Central,0.2321
29019,MISO_Central,0.2321
29021,SPP_South,0.17
29023,MISO_Central,0.2321
29025,SPP_South,0.17
29027,MISO_Central,0.2321
29029,MISO_Central,0.2321
29031,MISO_Central,0.2321
29033,SPP_South,0.17
29035,MISO_Central,0.2321
29037,SPP_South,0.17
29039,SPP_South,0.17
29041,SPP_South,0.17
29043,SPP_South,0.17
29045,MISO_Central,0.2321
29047,SPP_South,0.17
29049,SPP_South,0.17
29051,MISO_Central,0.2321
29053,MISO_Central,0.2321
29055,MISO_Central,0.2321
29057,SPP_South,0.17
29059,MISO_Central,0.2321
29061,SPP_South,0.17
29063,SPP_South,0.17
29065,MISO_Central,0.2321
29067,SPP_South,0.17
29069,MISO_Central,0.2321
29071,MISO_Central,0.2321
29073,MISO_Central,0.2321
29075,SPP_South,0.17
29077,SPP_South,0.17
29079,SPP_South,0.17
29081,SPP_South,0.17
29083,SPP_South,0.17
29085,SPP_South,0.17
29087,SPP_South,0.17
29089,MISO_Central,0.2321
29091,MISO_Central,0.2321
29093,MISO_Central,0.2321
29095,SPP_South,0.17
29097,SPP_South,0.17
29099,MISO_Central,0.2321
29101,SPP_South,0.17
29103,MISO_Central,0.2321
29105,MISO_Central,0.2321
29107,SPP_South,0.17
29109,SPP_South,0.17
29111,MISO_Central,0.2321
29113,MISO_Central,0.2321
29115,SPP_South,0.17
29117,SPP_South,0.17
29119,SPP_South,0.17
29121,MISO_Central,0.2321
29123,MISO_Central,0.2321
29125,MISO_Central,0.2321
29127,MISO_Central,0.2321
29129,SPP_South,0.17
29131,MISO_Central,0.2321
29133,MISO_Central,0.2321
29135,MISO_Central,0.2321
29137,MISO_Central,0.2321
29139,MISO_Central,0.2321
29141,MISO_Central,0.2321
29143,MISO_Central,0.2321
29145,SPP_South,0.17
29147,SPP_South,0.17
29149,MISO_Central,0.2321
29151,MISO_Central,0.2321
29153,SPP_South,0.17
29155,MISO_Central,0.2321
29157,MISO_Central,0.2321
29159,SPP_South,0.17
29161,MISO_Central,0.2321
29163,MISO_Central,0.2321
29165,SPP_South,0.17
29167,SPP_South,0.17
29169,MISO_Central,0.2321
29171,SPP_South,0.17
29173,MISO_Central,0.2321
29175,MISO_Central,0.2321
29177,SPP_South,0.17
29179,MISO_Central,0.2321
29181,MISO_Central,0.2321
29183,MISO_Central,0.2321
29185,SPP_South,0.17
29186,MISO_Central,0.2321
29187,MISO_Central,0.2321
29189,MISO_Central,0.2321
29195,SPP_South,0.17
29197,MISO_Central,0.2321
29199,MISO_Central,0.2321
29201,MISO_Central,0.2321
29203,MISO_Central,0.2321
29205,MISO_Central,0.2321
29207,MISO_Central,0.2321
29209,SPP_South,0.17
29211,SPP_South,0.17
29213,SPP_South,0.17
29215,MISO_Central,0.2321
29217,SPP_South,0.17
29219,MISO_Central,0.2321
29221,MISO_Central,0.2321
29223,MISO_Central,0.2321
29225,SPP_South,0.17
29227,SPP_South,0.17
29229,MISO_Central,0.2321
29510,MISO_Central,0.2321
30001,NorthernGrid_East,0.143
30003,NorthernGrid_East,0.143
30005,NorthernGrid_East,0.143
30007,NorthernGrid_East,0.143
30009,NorthernGrid_East,0.143
30011,SPP_North,0.1995
30013,NorthernGrid_East,0.143
30015,NorthernGrid_East,0.143
30017,SPP_North,0.1995
30019,SPP_North,0.1995
30021,SPP_North,0.1995
30023,NorthernGrid_East,0.143
30025,SPP_North,0.1995
30027,NorthernGrid_East,0.143
30029,NorthernGrid_East,0.143
30031,NorthernGrid_East,0.143
30033,NorthernGrid_East,0.143
30035,NorthernGrid_East,0.143
30037,NorthernGrid_East,0.143
30039,NorthernGrid_East,0.143
30041,NorthernGrid_East,0.143
30043,NorthernGrid_East,0.143
30045,NorthernGrid_East,0.143
30047,NorthernGrid_East,0.143
30049,NorthernGrid_East,0.143
30051,NorthernGrid_East,0.143
30053,NorthernGrid_East,0.143
30055,SPP_North,0.1995
30057,NorthernGrid_East,0.143
30059,NorthernGrid_East,0.143
30061,NorthernGrid_East,0.143
30063,NorthernGrid_East,0.143
30065,NorthernGrid_East,0.143
30067,NorthernGrid_East,0.143
30069,NorthernGrid_East,0.143
30071,NorthernGrid_East,0.143
30073,NorthernGrid_East,0.143
30075,NorthernGrid_East,0.143
30077,NorthernGrid_East,0.143
30079,SPP_North,0.1995
30081,NorthernGrid_East,0.143
30083,SPP_North,0.1995
30085,SPP_North,0.1995
30087,NorthernGrid_East,0.143
30089,NorthernGrid_East,0.143
30091,SPP_North,0.1995
30093,NorthernGrid_East,0.143
30095,NorthernGrid_East,0.143
30097,NorthernGrid_East,0.143
30099,NorthernGrid_East,0.143
30101,NorthernGrid_East,0.143
30103,NorthernGrid_East,0.143
30105,NorthernGrid_East,0.143
30107,NorthernGrid_East,0.143
30109,SPP_North,0.1995
30111,NorthernGrid_East,0.143
31001,SPP_North,0.1995
31003,SPP_North,0.1995
31005,SPP_North,0.1995
31007,SPP_North,0.1995
31009,SPP_North,0.1995
31011,SPP_North,0.1995
31013,SPP_North,0.1995
31015,SPP_North,0.1995
31017,SPP_North,0.1995
31019,SPP_North,0.1995
31021,SPP_North,0.1995
31023,SPP_North,0.1995
31025,SPP_North,0.1995
31027,SPP_North,0.1995
31029,SPP_North,0.1995
31031,SPP_North,0.1995
31033,SPP_North,0.1995
31035,SPP_North,0.1995
31037,SPP_North,0.1995
31039,SPP_North,0.1995
31041,SPP_North,0.1995
31043,SPP_North,0.1995
31045,SPP_North,0.1995
31047,SPP_North,0.1995
31049,SPP_North,0.1995
31051,SPP_North,0.1995
31053,SPP_North,0.1995
31055,SPP_North,0.1995
31057,SPP_North,0.1995
31059,SPP_North,0.1995
31061,SPP_North,0.1995
31063,SPP_North,0.1995
31065,SPP_North,0.1995
31067,SPP_North,0.1995
31069,SPP_North,0.1995
31071,SPP_North,0.1995
31073,SPP_North,0.1995
31075,SPP_North,0.1995
31077,SPP_North,0.1995
31079,SPP_North,0.1995
31081,SPP_North,0.1995
31083,SPP_North,0.1995
31085,SPP_North,0.1995
31087,SPP_North,0.1995
31089,SPP_North,0.1995
31091,SPP_North,0.1995
31093,SPP_North,0.1995
31095,SPP_North,0.1995
31097,SPP_North,0.1995
31099,SPP_North,0.1995
31101,SPP_North,0.1995
31103,SPP_North,0.1995
31105,SPP_North,0.1995
31107,SPP_North,0.1995
31109,SPP_North,0.1995
31111,SPP_North,0.1995
31113,SPP_North,0.1995
31115,SPP_North,0.1995
31117,SPP_North,0.1995
31119,SPP_North,0.1995
31121,SPP_North,0.1995
31123,SPP_North,0.1995
31125,SPP_North,0.1995
31127,SPP_North,0.1995
31129,SPP_North,0.1995
31131,SPP_North,0.1995
31133,SPP_North,0.1995
31135,SPP_North,0.1995
31137,SPP_North,0.1995
31139,SPP_North,0.1995
31141,SPP_North,0.1995
31143,SPP_North,0.1995
31145,SPP_North,0.1995
31147,SPP_North,0.1995
31149,SPP_North,0.1995
31151,SPP_North,0.1995
31153,SPP_North,0.1995
31155,SPP_North,0.1995
31157,SPP_North,0.1995
31159,SPP_North,0.1995
31161,SPP_North,0.1995
31163,SPP_North,0.1995
31165,SPP_North,0.1995
31167,SPP_North,0.1995
31169,SPP_North,0.1995
31171,SPP_North,0.1995
31173,SPP_North,0.1995
31175,SPP_North,0.1995
31177,SPP_North,0.1995
31179,SPP_North,0.1995
31181,SPP_North,0.1995
31183,SPP_North,0.1995
31185,SPP_North,0.1995
32001,NorthernGrid_South,0.1218
32003,NorthernGrid_South,0.1218
32005,NorthernGrid_South,0.1218
32007,NorthernGrid_South,0.1218
32009,NorthernGrid_South,0.1218
32011,NorthernGrid_South,0.1218
32013,NorthernGrid_South,0.1218
32015,NorthernGrid_South,0.1218
32017,NorthernGrid_South,0.1218
32019,NorthernGrid_South,0.1218
32021,NorthernGrid_South,0.1218
32023,NorthernGrid_South,0.1218
32027,NorthernGrid_South,0.1218
32029,NorthernGrid_South,0.1218
32031,NorthernGrid_South,0.1218
32033,NorthernGrid_South,0.1218
32510,NorthernGrid_South,0.1218
33001,ISONE,0.1366
33003,ISONE,0.1366
33005,ISONE,0.1366
33007,ISONE,0.1366
33009,ISONE,0.1366
33011,ISONE,0.1366
33013,ISONE,0.1366
33015,ISONE,0.1366
33017,ISONE,0.1366
33019,ISONE,0.1366
34001,PJM_East,0.2567
34003,PJM_East,0.2567
34005,PJM_East,0.2567
34007,PJM_East,0.2567
34009,PJM_East,0.2567
34011,PJM_East,0.2567
34013,PJM_East,0.2567
34015,PJM_East,0.2567
34017,PJM_East,0.2567
34019,PJM_East,0.2567
34021,PJM_East,0.2567
34023,PJM_East,0.2567
34025,PJM_East,0.2567
34027,PJM_East,0.2567
34029,PJM_East,0.2567
34031,PJM_East,0.2567
34033,PJM_East,0.2567
34035,PJM_East,0.2567
34037,PJM_East,0.2567
34039,PJM_East,0.2567
34041,PJM_East,0.2567
35001,WestConnect_South,0.139
35003,WestConnect_South,0.139
35005,SPP_South,0.17
35006,WestConnect_South,0.139
35007,WestConnect_South,0.139
35009,SPP_South,0.17
35011,WestConnect_South,0.139
35013,WestConnect_South,0.139
35015,SPP_South,0.17
35017,WestConnect_South,0.139
35019,WestConnect_South,0.139
35021,WestConnect_South,0.139
35023,WestConnect_South,0.139
35025,SPP_South,0.17
35027,WestConnect_South,0.139
35028,WestConnect_South,0.139
35029,WestConnect_South,0.139
35031,WestConnect_South,0.139
35033,WestConnect_South,0.139
35035,WestConnect_South,0.139
35037,SPP_South,0.17
35039,WestConnect_South,0.139
35041,SPP_South,0.17
35043,WestConnect_South,0.139
35045,WestConnect_South,0.139
35047,WestConnect_South,0.139
35049,WestConnect_South,0.139
35051,WestConnect_South,0.139
35053,WestConnect_South,0.139
35055,WestConnect_South,0.139
35057,WestConnect_South,0.139
35059,WestConnect_South,0.139
35061,WestConnect_South,0.139
36001,NYISO,0.1247
36003,NYISO,0.1247
36005,NYISO,0.1247
36007,NYISO,0.1247
36009,NYISO,0.1247
36011,NYISO,0.1247
36013,NYISO,0.1247
36015,NYISO,0.1247
36017,NYISO,0.1247
36019,NYISO,0.1247
36021,NYISO,0.1247
36023,NYISO,0.1247
36025,NYISO,0.1247
36027,NYISO,0.1247
36029,NYISO,0.1247
36031,NYISO,0.1247
36033,NYISO,0.1247
36035,NYISO,0.1247
36037,NYISO,0.1247
36039,NYISO,0.1247
36041,NYISO,0.1247
36043,NYISO,0.1247
36045,NYISO,0.1247
36047,NYISO,0.1247
36049,NYISO,0.1247
36051,NYISO,0.1247
36053,NYISO,0.1247
36055,NYISO,0.1247
36057,NYISO,0.1247
36059,NYISO,0.1247
36061,NYISO,0.1247
36063,NYISO,0.1247
36065,NYISO,0.1247
36067,NYISO,0.1247
36069,NYISO,0.1247
36071,NYISO,0.1247
36073,NYISO,0.1247
36075,NYISO,0.1247
36077,NYISO,0.1247
36079,NYISO,0.1247
36081,NYISO,0.1247
36083,NYISO,0.1247
36085,NYISO,0.1247
36087,NYISO,0.1247
36089,NYISO,0.1247
36091,NYISO,0.1247
36093,NYISO,0.1247
36095,NYISO,0.1247
36097,NYISO,0.1247
36099,NYISO,0.1247
36101,NYISO,0.1247
36103,NYISO,0.1247
36105,NYISO,0.1247
36107,NYISO,0.1247
36109,NYISO,0.1247
36111,NYISO,0.1247
36113,NYISO,0.1247
36115,NYISO,0.1247
36117,NYISO,0.1247
36119,NYISO,0.1247
36121,NYISO,0.1247
36123,NYISO,0.1247
37001,SERTP,0.2362
37003,SERTP,0.2362
37005,SERTP,0.2362
37007,SERTP,0.2362
37009,SERTP,0.2362
37011,SERTP,0.2362
37013,SERTP,0.2362
37015,SERTP,0.2362
37017,SERTP,0.2362
37019,SERTP,0.2362
37021,SERTP,0.2362
37023,SERTP,0.2362
37025,SERTP,0.2362
37027,SERTP,0.2362
37029,SERTP,0.2362
37031,SERTP,0.2362
37033,SERTP,0.2362
37035,SERTP,0.2362
37037,SERTP,0.2362
37039,SERTP,0.2362
37041,SERTP,0.2362
37043,SERTP,0.2362
37045,SERTP,0.2362
37047,SERTP,0.2362
37049,SERTP,0.2362
37051,SERTP,0.2362
37053,SERTP,0.2362
37055,SERTP,0.2362
37057,SERTP,0.2362
37059,SERTP,0.2362
37061,SERTP,0.2362
37063,SERTP,0.2362
37065,SERTP,0.2362
37067,SERTP,0.2362
37069,SERTP,0.2362
37071,SERTP,0.2362
37073,SERTP,0.2362
37075,SERTP,0.2362
37077,SERTP,0.2362
37079,SERTP,0.2362
37081,SERTP,0.2362
37083,SERTP,0.2362
37085,SERTP,0.2362
37087,SERTP,0.2362
37089,SERTP,0.2362
37091,SERTP,0.2362
37093,SERTP,0.2362
37095,SERTP,0.2362
37097,SERTP,0.2362
37099,SERTP,0.2362
37101,SERTP,0.2362
37103,SERTP,0.2362
37105,SERTP,0.2362
37107,SERTP,0.2362
37109,SERTP,0.2362
37111,SERTP,0.2362
37113,SERTP,0.2362
37115,SERTP,0.2362
37117,SERTP,0.2362
37119,SERTP,0.2362
37121,SERTP,0.2362
37123,SERTP,0.2362
37125,SERTP,0.2362
37127,SERTP,0.2362
37129,SERTP,0.2362
37131,SERTP,0.2362
37133,SERTP,0.2362
37135,SERTP,0.2362
37137,SERTP,0.2362
37139,SERTP,0.2362
37141,SERTP,0.2362
37143,SERTP,0.2362
37145,SERTP,0.2362
37147,SERTP,0.2362
37149,SERTP,0.2362
37151,SERTP,0.2362
37153,SERTP,0.2362
37155,SERTP,0.2362
37157,SERTP,0.2362
37159,SERTP,0.2362
37161,SERTP,0.2362
37163,SERTP,0.2362
37165,SERTP,0.2362
37167,SERTP,0.2362
37169,SERTP,0.2362
37171,SERTP,0.2362
37173,SERTP,0.2362
37175,SERTP,0.2362
37177,SERTP,0.2362
37179,SERTP,0.2362
37181,SERTP,0.2362
37183,SERTP,0.2362
37185,SERTP,0.2362
37187,SERTP,0.2362
37189,SERTP,0.2362
37191,SERTP,0.2362
37193,SERTP,0.2362
37195,SERTP,0.2362
37197,SERTP,0.2362
37199,SERTP,0.2362
38001,SPP_North,0.1995
38003,MISO_North,0.1424
38005,MISO_North,0.1424
38007,SPP_North,0.1995
38009,MISO_North,0.1424
38011,SPP_North,0.1995
38013,SPP_North,0.1995
38015,SPP_North,0.1995
38017,MISO_North,0.1424
38019,MISO_North,0.1424
38021,SPP_North,0.1995
38023,SPP_North,0.1995
38025,SPP_North,0.1995
38027,MISO_North,0.1424
38029,SPP_North,0.1995
38031,MISO_North,0.1424
38033,SPP_North,0.1995
38035,MISO_North,0.1424
38037,SPP_North,0.1995
38039,MISO_North,0.1424
38041,SPP_North,0.1995
38043,MISO_North,0.1424
38045,MISO_North,0.1424
38047,SPP_North,0.1995
38049,MISO_North,0.1424
38051,SPP_North,0.1995
38053,SPP_North,0.1995
38055,MISO_North,0.1424
38057,SPP_North,0.1995
38059,SPP_North,0.1995
38061,SPP_North,0.1995
38063,MISO_North,0.1424
38065,SPP_North,0.1995
38067,MISO_North,0.1424
38069,MISO_North,0.1424
38071,MISO_North,0.1424
38073,MISO_North,0.1424
38075,SPP_North,0.1995
38077,MISO_North,0.1424
38079,MISO_North,0.1424
38081,MISO_North,0.1424
38083,MISO_North,0.1424
38085,SPP_North,0.1995
38087,SPP_North,0.1995
38089,SPP_North,0.1995
38091,MISO_North,0.1424
38093,MISO_North,0.1424
38095,MISO_North,0.1424
38097,MISO_North,0.1424
38099,MISO_North,0.1424
38101,MISO_North,0.1424
38103,MISO_North,0.1424
38105,SPP_North,0.1995
39001,PJM_East,0.2567
39003,PJM_East,0.2567
39005,PJM_East,0.2567
39007,PJM_East,0.2567
39009,PJM_East,0.2567
39011,PJM_East,0.2567
39013,PJM_East,0.2567
39015,PJM_East,0.2567
39017,PJM_East,0.2567
39019,PJM_East,0.2567
39021,PJM_East,0.2567
39023,PJM_East,0.2567
39025,PJM_East,0.2567
39027,PJM_East,0.2567
39029,PJM_East,0.2567
39031,PJM_East,0.2567
39033,PJM_East,0.2567
39035,PJM_East,0.2567
39037,PJM_East,0.2567
39039,PJM_East,0.2567
39041,PJM_East,0.2567
39043,PJM_East,0.2567
39045,PJM_East,0.2567
39047,PJM_East,0.2567
39049,PJM_East,0.2567
39051,PJM_East,0.2567
39053,PJM_East,0.2567
39055,PJM_East,0.2567
39057,PJM_East,0.2567
39059,PJM_East,0.2567
39061,PJM_East,0.2567
39063,PJM_East,0.2567
39065,PJM_East,0.2567
39067,PJM_East,0.2567
39069,PJM_East,0.2567
39071,PJM_East,0.2567
39073,PJM_East,0.2567
39075,PJM_East,0.2567
39077,PJM_East,0.2567
39079,PJM_East,0.2567
39081,PJM_East,0.2567
39083,PJM_East,0.2567
39085,PJM_East,0.2567
39087,PJM_East,0.2567
39089,PJM_East,0.2567
39091,PJM_East,0.2567
39093,PJM_East,0.2567
39095,PJM_East,0.2567
39097,PJM_East,0.2567
39099,PJM_East,0.2567
39101,PJM_East,0.2567
39103,PJM_East,0.2567
39105,PJM_East,0.2567
39107,PJM_East,0.2567
39109,PJM_East,0.2567
39111,PJM_East,0.2567
39113,PJM_East,0.2567
39115,PJM_East,0.2567
39117,PJM_East,0.2567
39119,PJM_East,0.2567
39121,PJM_East,0.2567
39123,PJM_East,0.2567
39125,PJM_East,0.2567
39127,PJM_East,0.2567
39129,PJM_East,0.2567
39131,PJM_East,0.2567
39133,PJM_East,0.2567
39135,PJM_East,0.2567
39137,PJM_East,0.2567
39139,PJM_East,0.2567
39141,PJM_East,0.2567
39143,PJM_East,0.2567
39145,PJM_East,0.2567
39147,PJM_East,0.2567
39149,PJM_East,0.2567
39151,PJM_East,0.2567
39153,PJM_East,0.2567
39155,PJM_East,0.2567
39157,PJM_East,0.2567
39159,PJM_East,0.2567
39161,PJM_East,0.2567
39163,PJM_East,0.2567
39165,PJM_East,0.2567
39167,PJM_East,0.2567
39169,PJM_East,0.2567
39171,PJM_East,0.2567
39173,PJM_East,0.2567
39175,PJM_East,0.2567
40001,SPP_South,0.17
40003,SPP_South,0.17
40005,SPP_South,0.17
40007,SPP_South,0.17
40009,SPP_South,0.17
40011,SPP_South,0.17
40013,SPP_South,0.17
40015,SPP_South,0.17
40017,SPP_South,0.17
40019,SPP_South,0.17
40021,SPP_South,0.17
40023,SPP_South,0.17
40025,SPP_South,0.17
40027,SPP_South,0.17
40029,SPP_South,0.17
40031,SPP_South,0.17
40033,SPP_South,0.17
40035,SPP_South,0.17
40037,SPP_South,0.17
40039,SPP_South,0.17
40041,SPP_South,0.17
40043,SPP_South,0.17
40045,SPP_South,0.17
40047,SPP_South,0.17
40049,SPP_South,0.17
40051,SPP_South,0.17
40053,SPP_South,0.17
40055,SPP_South,0.17
40057,SPP_South,0.17
40059,SPP_South,0.17
40061,SPP_South,0.17
40063,SPP_South,0.17
40065,SPP_South,0.17
40067,SPP_South,0.17
40069,SPP_South,0.17
40071,SPP_South,0.17
40073,SPP_South,0.17
40075,SPP_South,0.17
40077,SPP_South,0.17
40079,SPP_South,0.17
40081,SPP_South,0.17
40083,SPP_South,0.17
40085,SPP_South,0.17
40087,SPP_South,0.17
40089,SPP_South,0.17
40091,SPP_South,0.17
40093,SPP_South,0.17
40095,SPP_South,0.17
40097,SPP_South,0.17
40099,SPP_South,0.17
40101,SPP_South,0.17
40103,SPP_South,0.17
40105,SPP_South,0.17
40107,SPP_South,0.17
40109,SPP_South,0.17
40111,SPP_South,0.17
40113,SPP_South,0.17
40115,SPP_South,0.17
40117,SPP_South,0.17
40119,SPP_South,0.17
40121,SPP_South,0.17
40123,SPP_South,0.17
40125,SPP_South,0.17
40127,SPP_South,0.17
40129,SPP_South,0.17
40131,SPP_South,0.17
40133,SPP_South,0.17
40135,SPP_South,0.17
40137,SPP_South,0.17
40139,SPP_South,0.17
40141,SPP_South,0.17
40143,SPP_South,0.17
40145,SPP_South,0.17
40147,SPP_South,0.17
40149,SPP_South,0.17
40151,SPP_South,0.17
40153,SPP_South,0.17
41001,NorthernGrid_West,0.0389
41003,NorthernGrid_West,0.0389
41005,NorthernGrid_West,0.0389
41007,NorthernGrid_West,0.0389
41009,NorthernGrid_West,0.0389
41011,NorthernGrid_West,0.0389
41013,NorthernGrid_West,0.0389
41015,NorthernGrid_West,0.0389
41017,NorthernGrid_West,0.0389
41019,NorthernGrid_West,0.0389
41021,NorthernGrid_West,0.0389
41023,NorthernGrid_West,0.0389
41025,NorthernGrid_West,0.0389
41027,NorthernGrid_West,0.0389
41029,NorthernGrid_West,0.0389
41031,NorthernGrid_West,0.0389
41033,NorthernGrid_West,0.0389
41035,NorthernGrid_West,0.0389
41037,NorthernGrid_West,0.0389
41039,NorthernGrid_West,0.0389
41041,NorthernGrid_West,0.0389
41043,NorthernGrid_West,0.0389
41045,NorthernGrid_West,0.0389
41047,NorthernGrid_West,0.0389
41049,NorthernGrid_West,0.0389
41051,NorthernGrid_West,0.0389
41053,NorthernGrid_West,0.0389
41055,NorthernGrid_West,0.0389
41057,NorthernGrid_West,0.0389
41059,NorthernGrid_West,0.0389
41061,NorthernGrid_West,0.0389
41063,NorthernGrid_West,0.0389
41065,NorthernGrid_West,0.0389
41067,NorthernGrid_West,0.0389
41069,NorthernGrid_West,0.0389
41071,NorthernGrid_West,0.0389
42001,PJM_East,0.2567
42003,PJM_East,0.2567
42005,PJM_East,0.2567
42007,PJM_East,0.2567
42009,PJM_East,0.2567
42011,PJM_East,0.2567
42013,PJM_East,0.2567
42015,PJM_East,0.2567
42017,PJM_East,0.2567
42019,PJM_East,0.2567
42021,PJM_East,0.2567
42023,PJM_East,0.2567
42025,PJM_East,0.2567
42027,PJM_East,0.2567
42029,PJM_East,0.2567
42031,PJM_East,0.2567
42033,PJM_East,0.2567
42035,PJM_East,0.2567
42037,PJM_East,0.2567
42039,PJM_East,0.2567
42041,PJM_East,0.2567
42043,PJM_East,0.2567
42045,PJM_East,0.2567
42047,PJM_East,0.2567
42049,PJM_East,0.2567
42051,PJM_East,0.2567
42053,PJM_East,0.2567
42055,PJM_East,0.2567
42057,PJM_East,0.2567
42059,PJM_East,0.2567
42061,PJM_East,0.2567
42063,PJM_East,0.2567
42065,PJM_East,0.2567
42067,PJM_East,0.2567
42069,PJM_East,0.2567
42071,PJM_East,0.2567
42073,PJM_East,0.2567
42075,PJM_East,0.2567
42077,PJM_East,0.2567
42079,PJM_East,0.2567
42081,PJM_East,0.2567
42083,PJM_East,0.2567
42085,PJM_East,0.2567
42087,PJM_East,0.2567
42089,PJM_East,0.2567
42091,PJM_East,0.2567
42093,PJM_East,0.2567
42095,PJM_East,0.2567
42097,PJM_East,0.2567
42099,PJM_East,0.2567
42101,PJM_East,0.2567
42103,PJM_East,0.2567
42105,PJM_East,0.2567
42107,PJM_East,0.2567
42109,PJM_East,0.2567
42111,PJM_East,0.2567
42113,PJM_East,0.2567
42115,PJM_East,0.2567
42117,PJM_East,0.2567
42119,PJM_East,0.2567
42121,PJM_East,0.2567
42123,PJM_East,0.2567
42125,PJM_East,0.2567
42127,PJM_East,0.2567
42129,PJM_East,0.2567
42131,PJM_East,0.2567
42133,PJM_East,0.2567
44001,ISONE,0.1366
44003,ISONE,0.1366
44005,ISONE,0.1366
44007,ISONE,0.1366
44009,ISONE,0.1366
45001,SERTP,0.2362
45003,SERTP,0.2362
45005,SERTP,0.2362
45007,SERTP,0.2362
45009,SERTP,0.2362
45011,SERTP,0.2362
45013,SERTP,0.2362
45015,SERTP,0.2362
45017,SERTP,0.2362
45019,SERTP,0.2362
45021,SERTP,0.2362
45023,SERTP,0.2362
45025,SERTP,0.2362
45027,SERTP,0.2362
45029,SERTP,0.2362
45031,SERTP,0.2362
45033,SERTP,0.2362
45035,SERTP,0.2362
45037,SERTP,0.2362
45039,SERTP,0.2362
45041,SERTP,0.2362
45043,SERTP,0.2362
45045,SERTP,0.2362
45047,SERTP,0.2362
45049,SERTP,0.2362
45051,SERTP,0.2362
45053,SERTP,0.2362
45055,SERTP,0.2362
45057,SERTP,0.2362
45059,SERTP,0.2362
45061,SERTP,0.2362
45063,SERTP,0.2362
45065,SERTP,0.2362
45067,SERTP,0.2362
45069,SERTP,0.2362
45071,SERTP,0.2362
45073,SERTP,0.2362
45075,SERTP,0.2362
45077,SERTP,0.2362
45079,SERTP,0.2362
45081,SERTP,0.2362
45083,SERTP,0.2362
45085,SERTP,0.2362
45087,SERTP,0.2362
45089,SERTP,0.2362
45091,SERTP,0.2362
46003,SPP_North,0.1995
46005,SPP_North,0.1995
46007,SPP_North,0.1995
46009,SPP_North,0.1995
46011,SPP_North,0.1995
46013,SPP_North,0.1995
46015,SPP_North,0.1995
46017,SPP_North,0.1995
46019,WestConnect_North,0.1828
46021,SPP_North,0.1995
46023,SPP_North,0.1995
46025,SPP_North,0.1995
46027,SPP_North,0.1995
46029,SPP_North,0.1995
46031,SPP_North,0.1995
46033,WestConnect_North,0.1828
46035,SPP_North,0.1995
46037,SPP_North,0.1995
46039,SPP_North,0.1995
46041,SPP_North,0.1995
46043,SPP_North,0.1995
46045,SPP_North,0.1995
46047,WestConnect_North,0.1828
46049,SPP_North,0.1995
46051,SPP_North,0.1995
46053,SPP_North,0.1995
46055,SPP_North,0.1995
46057,SPP_North,0.1995
46059,SPP_North,0.1995
46061,SPP_North,0.1995
46063,SPP_North,0.1995
46065,SPP_North,0.1995
46067,SPP_North,0.1995
46069,SPP_North,0.1995
46071,SPP_North,0.1995
46073,SPP_North,0.1995
46075,SPP_North,0.1995
46077,SPP_North,0.1995
46079,SPP_North,0.1995
46081,WestConnect_North,0.1828
46083,SPP_North,0.1995
46085,SPP_North,0.1995
46087,SPP_North,0.1995
46089,SPP_North,0.1995
46091,SPP_North,0.1995
46093,SPP_North,0.1995
46095,SPP_North,0.1995
46097,SPP_North,0.1995
46099,SPP_North,0.1995
46101,SPP_North,0.1995
46103,WestConnect_North,0.1828
46105,SPP_North,0.1995
46107,SPP_North,0.1995
46109,SPP_North,0.1995
46111,SPP_North,0.1995
46113,SPP_North,0.1995
46115,SPP_North,0.1995
46117,SPP_North,0.1995
46119,SPP_North,0.1995
46121,SPP_North,0.1995
46123,SPP_North,0.1995
46125,SPP_North,0.1995
46127,SPP_North,0.1995
46129,SPP_North,0.1995
46135,SPP_North,0.1995
46137,SPP_North,0.1995
47001,SERTP,0.2362
47003,SERTP,0.2362
47005,SERTP,0.2362
47007,SERTP,0.2362
47009,SERTP,0.2362
47011,SERTP,0.2362
47013,SERTP,0.2362
47015,SERTP,0.2362
47017,SERTP,0.2362
47019,SERTP,0.2362
47021,SERTP,0.2362
47023,SERTP,0.2362
47025,SERTP,0.2362
47027,SERTP,0.2362
47029,SERTP,0.2362
47031,SERTP,0.2362
47033,SERTP,0.2362
47035,SERTP,0.2362
47037,SERTP,0.2362
47039,SERTP,0.2362
47041,SERTP,0.2362
47043,SERTP,0.2362
47045,SERTP,0.2362
47047,SERTP,0.2362
47049,SERTP,0.2362
47051,SERTP,0.2362
47053,SERTP,0.2362
47055,SERTP,0.2362
47057,SERTP,0.2362
47059,SERTP,0.2362
47061,SERTP,0.2362
47063,SERTP,0.2362
47065,SERTP,0.2362
47067,SERTP,0.2362
47069,SERTP,0.2362
47071,SERTP,0.2362
47073,SERTP,0.2362
47075,SERTP,0.2362
47077,SERTP,0.2362
47079,SERTP,0.2362
47081,SERTP,0.2362
47083,SERTP,0.2362
47085,SERTP,0.2362
47087,SERTP,0.2362
47089,SERTP,0.2362
47091,SERTP,0.2362
47093,SERTP,0.2362
47095,SERTP,0.2362
47097,SERTP,0.2362
47099,SERTP,0.2362
47101,SERTP,0.2362
47103,SERTP,0.2362
47105,SERTP,0.2362
47107,SERTP,0.2362
47109,SERTP,0.2362
47111,SERTP,0.2362
47113,SERTP,0.2362
47115,SERTP,0.2362
47117,SERTP,0.2362
47119,SERTP,0.2362
47121,SERTP,0.2362
47123,SERTP,0.2362
47125,SERTP,0.2362
47127,SERTP,0.2362
47129,SERTP,0.2362
47131,SERTP,0.2362
47133,SERTP,0.2362
47135,SERTP,0.2362
47137,SERTP,0.2362
47139,SERTP,0.2362
47141,SERTP,0.2362
47143,SERTP,0.2362
47145,SERTP,0.2362
47147,SERTP,0.2362
47149,SERTP,0.2362
47151,SERTP,0.2362
47153,SERTP,0.2362
47155,SERTP,0.2362
47157,SERTP,0.2362
47159,SERTP,0.2362
47161,SERTP,0.2362
47163,SERTP,0.2362
47165,SERTP,0.2362
47167,SERTP,0.2362
47169,SERTP,0.2362
47171,SERTP,0.2362
47173,SERTP,0.2362
47175,SERTP,0.2362
47177,SERTP,0.2362
47179,SERTP,0.2362
47181,SERTP,0.2362
47183,SERTP,0.2362
47185,SERTP,0.2362
47187,SERTP,0.2362
47189,SERTP,0.2362
48001,ERCOT,0.1144
48003,ERCOT,0.1144
48005,ERCOT,0.1144
48007,ERCOT,0.1144
48009,ERCOT,0.1144
48011,SPP_South,0.17
48013,ERCOT,0.1144
48015,ERCOT,0.1144
48017,SPP_South,0.17
48019,ERCOT,0.1144
48021,ERCOT,0.1144
48023,ERCOT,0.1144
48025,ERCOT,0.1144
48027,ERCOT,0.1144
48029,ERCOT,0.1144
48031,ERCOT,0.1144
48033,ERCOT,0.1144
48035,ERCOT,0.1144
48037,SPP_South,0.17
48039,ERCOT,0.1144
48041,ERCOT,0.1144
48043,ERCOT,0.1144
48045,ERCOT,0.1144
48047,ERCOT,0.1144
48049,ERCOT,0.1144
48051,ERCOT,0.1144
48053,ERCOT,0.1144
48055,ERCOT,0.1144
48057,ERCOT,0.1144
48059,ERCOT,0.1144
48061,ERCOT,0.1144
48063,SPP_South,0.17
48065,SPP_South,0.17
48067,SPP_South,0.17
48069,SPP_South,0.17
48071,MISO_South,0.1866
48073,ERCOT,0.1144
48075,ERCOT,0.1144
48077,ERCOT,0.1144
48079,SPP_South,0.17
48081,ERCOT,0.1144
48083,ERCOT,0.1144
48085,ERCOT,0.1144
48087,SPP_South,0.17
48089,ERCOT,0.1144
48091,ERCOT,0.1144
48093,ERCOT,0.1144
48095,ERCOT,0.1144
48097,ERCOT,0.1144
48099,ERCOT,0.1144
48101,ERCOT,0.1144
48103,ERCOT,0.1144
48105,ERCOT,0.1144
48107,ERCOT,0.1144
48109,ERCOT,0.1144
48111,SPP_South,0.17
48113,ERCOT,0.1144
48115,ERCOT,0.1144
48117,SPP_South,0.17
48119,ERCOT,0.1144
48121,ERCOT,0.1144
48123,ERCOT,0.1144
48125,ERCOT,0.1144
48127,ERCOT,0.1144
48129,SPP_South,0.17
48131,ERCOT,0.1144
48133,ERCOT,0.1144
48135,ERCOT,0.1144
48137,ERCOT,0.1144
48139,ERCOT,0.1144
48141,WestConnect_South,0.139
48143,ERCOT,0.1144
48145,ERCOT,0.1144
48147,ERCOT,0.1144
48149,ERCOT,0.1144
48151,ERCOT,0.1144
48153,SPP_South,0.17
48155,ERCOT,0.1144
48157,ERCOT,0.1144
48159,ERCOT,0.1144
48161,ERCOT,0.1144
48163,ERCOT,0.1144
48165,SPP_South,0.17
48167,ERCOT,0.1144
48169,SPP_South,0.17
48171,ERCOT,0.1144
48173,ERCOT,0.1144
48175,ERCOT,0.1144
48177,ERCOT,0.1144
48179,SPP_South,0.17
48181,ERCOT,0.1144
48183,SPP_South,0.17
48185,ERCOT,0.1144
48187,ERCOT,0.1144
48189,SPP_South,0.17
48191,ERCOT,0.1144
48193,ERCOT,0.1144
48195,SPP_South,0.17
48197,ERCOT,0.1144
48199,MISO_South,0.1866
48201,ERCOT,0.1144
48203,SPP_South,0.17
48205,SPP_South,0.17
48207,ERCOT,0.1144
48209,ERCOT,0.1144
48211,SPP_South,0.17
48213,ERCOT,0.1144
48215,ERCOT,0.1144
48217,ERCOT,0.1144
48219,SPP_South,0.17
48221,ERCOT,0.1144
48223,ERCOT,0.1144
48225,ERCOT,0.1144
48227,ERCOT,0.1144
48229,ERCOT,0.1144
48231,ERCOT,0.1144
48233,SPP_South,0.17
48235,ERCOT,0.1144
48237,ERCOT,0.1144
48239,ERCOT,0.1144
48241,MISO_South,0.1866
48243,ERCOT,0.1144
48245,MISO_South,0.1866
48247,ERCOT,0.1144
48249,ERCOT,0.1144
48251,ERCOT,0.1144
48253,ERCOT,0.1144
48255,ERCOT,0.1144
48257,ERCOT,0.1144
48259,ERCOT,0.1144
48261,ERCOT,0.1144
48263,ERCOT,0.1144
48265,ERCOT,0.1144
48267,ERCOT,0.1144
48269,ERCOT,0.1144
48271,ERCOT,0.1144
48273,ERCOT,0.1144
48275,ERCOT,0.1144
48277,ERCOT,0.1144
48279,SPP_South,0.17
48281,ERCOT,0.1144
48283,ERCOT,0.1144
48285,ERCOT,0.1144
48287,ERCOT,0.1144
48289,ERCOT,0.1144
48291,MISO_South,0.1866
48293,ERCOT,0.1144
48295,SPP_South,0.17
48297,ERCOT,0.1144
48299,ERCOT,0.1144
48301,ERCOT,0.1144
48303,SPP_South,0.17
48305,SPP_South,0.17
48307,ERCOT,0.1144
48309,ERCOT,0.1144
48311,ERCOT,0.1144
48313,ERCOT,0.1144
48315,SPP_South,0.17
48317,ERCOT,0.1144
48319,ERCOT,0.1144
48321,ERCOT,0.1144
48323,ERCOT,0.1144
48325,ERCOT,0.1144
48327,ERCOT,0.1144
48329,ERCOT,0.1144
48331,ERCOT,0.1144
48333,ERCOT,0.1144
48335,ERCOT,0.1144
48337,ERCOT,0.1144
48339,MISO_South,0.1866
48341,SPP_South,0.17
48343,SPP_South,0.17
48345,ERCOT,0.1144
48347,MISO_South,0.1866
48349,ERCOT,0.1144
48351,MISO_South,0.1866
48353,ERCOT,0.1144
48355,ERCOT,0.1144
48357,SPP_South,0.17
48359,SPP_South,0.17
48361,MISO_South,0.1866
48363,ERCOT,0.1144
48365,SPP_South,0.17
48367,ERCOT,0.1144
48369,SPP_South,0.17
48371,ERCOT,0.1144
48373,MISO_South,0.1866
48375,SPP_South,0.17
48377,ERCOT,0.1144
48379,ERCOT,0.1144
48381,SPP_South,0.17
48383,ERCOT,0.1144
48385,ERCOT,0.1144
48387,ERCOT,0.1144
48389,ERCOT,0.1144
48391,ERCOT,0.1144
48393,SPP_South,0.17
48395,ERCOT,0.1144
48397,ERCOT,0.1144
48399,ERCOT,0.1144
48401,ERCOT,0.1144
48403,MISO_South,0.1866
48405,MISO_South,0.1866
48407,MISO_South,0.1866
48409,ERCOT,0.1144
48411,ERCOT,0.1144
48413,ERCOT,0.1144
48415,ERCOT,0.1144
48417,ERCOT,0.1144
48419,MISO_South,0.1866
48421,SPP_South,0.17
48423,ERCOT,0.1144
48425,ERCOT,0.1144
48427,ERCOT,0.1144
48429,ERCOT,0.1144
48431,ERCOT,0.1144
48433,ERCOT,0.1144
48435,ERCOT,0.1144
48437,SPP_South,0.17
48439,ERCOT,0.1144
48441,ERCOT,0.1144
48443,ERCOT,0.1144
48445,SPP_South,0.17
48447,ERCOT,0.1144
48449,SPP_South,0.17
48451,ERCOT,0.1144
48453,ERCOT,0.1144
48455,MISO_South,0.1866
48457,MISO_South,0.1866
48459,SPP_South,0.17
48461,ERCOT,0.1144
48463,ERCOT,0.1144
48465,ERCOT,0.1144
48467,ERCOT,0.1144
48469,ERCOT,0.1144
48471,ERCOT,0.1144
48473,ERCOT,0.1144
48475,ERCOT,0.1144
48477,ERCOT,0.1144
48479,ERCOT,0.1144
48481,ERCOT,0.1144
48483,SPP_South,0.17
48485,ERCOT,0.1144
48487,ERCOT,0.1144
48489,ERCOT,0.1144
48491,ERCOT,0.1144
48493,ERCOT,0.1144
48495,ERCOT,0.1144
48497,ERCOT,0.1144
48499,ERCOT,0.1144
48501,SPP_South,0.17
48503,ERCOT,0.1144
48505,ERCOT,0.1144
48507,ERCOT,0.1144
49001,NorthernGrid_South,0.1218
49003,NorthernGrid_South,0.1218
49005,NorthernGrid_South,0.1218
49007,NorthernGrid_South,0.1218
49009,NorthernGrid_South,0.1218
49011,NorthernGrid_South,0.1218
49013,NorthernGrid_South,0.1218
49015,NorthernGrid_South,0.1218
49017,NorthernGrid_South,0.1218
49019,NorthernGrid_South,0.1218
49021,NorthernGrid_South,0.1218
49023,NorthernGrid_South,0.1218
49025,NorthernGrid_South,0.1218
49027,NorthernGrid_South,0.1218
49029,NorthernGrid_South,0.1218
49031,NorthernGrid_South,0.1218
49033,NorthernGrid_South,0.1218
49035,NorthernGrid_South,0.1218
49037,NorthernGrid_South,0.1218
49039,NorthernGrid_South,0.1218
49041,NorthernGrid_South,0.1218
49043,NorthernGrid_South,0.1218
49045,NorthernGrid_South,0.1218
49047,NorthernGrid_South,0.1218
49049,NorthernGrid_South,0.1218
49051,NorthernGrid_South,0.1218
49053,NorthernGrid_South,0.1218
49055,NorthernGrid_South,0.1218
49057,NorthernGrid_South,0.1218
50001,ISONE,0.1366
50003,ISONE,0.1366
50005,ISONE,0.1366
50007,ISONE,0.1366
50009,ISONE,0.1366
50011,ISONE,0.1366
50013,ISONE,0.1366
50015,ISONE,0.1366
50017,ISONE,0.1366
50019,ISONE,0.1366
50021,ISONE,0.1366
50023,ISONE,0.1366
50025,ISONE,0.1366
50027,ISONE,0.1366
51001,PJM_East,0.2567
51003,PJM_East,0.2567
51005,PJM_East,0.2567
51007,PJM_East,0.2567
51009,PJM_East,0.2567
51011,PJM_East,0.2567
51013,PJM_East,0.2567
51015,PJM_East,0.2567
51017,PJM_East,0.2567
51019,PJM_East,0.2567
51021,PJM_East,0.2567
51023,PJM_East,0.2567
51025,PJM_East,0.2567
51027,PJM_East,0.2567
51029,PJM_East,0.2567
51031,PJM_East,0.2567
51033,PJM_East,0.2567
51035,PJM_East,0.2567
51036,PJM_East,0.2567
51037,PJM_East,0.2567
51041,PJM_East,0.2567
51043,PJM_East,0.2567
51045,PJM_East,0.2567
51047,PJM_East,0.2567
51049,PJM_East,0.2567
51051,PJM_East,0.2567
51053,PJM_East,0.2567
51057,PJM_East,0.2567
51059,PJM_East,0.2567
51061,PJM_East,0.2567
51063,PJM_East,0.2567
51065,PJM_East,0.2567
51067,PJM_East,0.2567
51069,PJM_East,0.2567
51071,PJM_East,0.2567
51073,PJM_East,0.2567
51075,PJM_East,0.2567
51077,PJM_East,0.2567
51079,PJM_East,0.2567
51081,PJM_East,0.2567
51083,PJM_East,0.2567
51085,PJM_East,0.2567
51087,PJM_East,0.2567
51089,PJM_East,0.2567
51091,PJM_East,0.2567
51093,PJM_East,0.2567
51095,PJM_East,0.2567
51097,PJM_East,0.2567
51099,PJM_East,0.2567
51101,PJM_East,0.2567
51103,PJM_East,0.2567
51105,PJM_East,0.2567
51107,PJM_East,0.2567
51109,PJM_East,0.2567
51111,PJM_East,0.2567
51113,PJM_East,0.2567
51115,PJM_East,0.2567
51117,PJM_East,0.2567
51119,PJM_East,0.2567
51121,PJM_East,0.2567
51125,PJM_East,0.2567
51127,PJM_East,0.2567
51131,PJM_East,0.2567
51133,PJM_East,0.2567
51135,PJM_East,0.2567
51137,PJM_East,0.2567
51139,PJM_East,0.2567
51141,PJM_East,0.2567
51143,PJM_East,0.2567
51145,PJM_East,0.2567
51147,PJM_East,0.2567
51149,PJM_East,0.2567
51153,PJM_East,0.2567
51155,PJM_East,0.2567
51157,PJM_East,0.2567
51159,PJM_East,0.2567
51161,PJM_East,0.2567
51163,PJM_East,0.2567
51165,PJM_East,0.2567
51167,PJM_East,0.2567
51169,PJM_East,0.2567
51171,PJM_East,0.2567
51173,PJM_East,0.2567
51175,PJM_East,0.2567
51177,PJM_East,0.2567
51179,PJM_East,0.2567
51181,PJM_East,0.2567
51183,PJM_East,0.2567
51185,PJM_East,0.2567
51187,PJM_East,0.2567
51191,PJM_East,0.2567
51193,PJM_East,0.2567
51195,PJM_East,0.2567
51197,PJM_East,0.2567
51199,PJM_East,0.2567
51510,PJM_East,0.2567
51515,PJM_East,0.2567
51520,PJM_East,0.2567
51530,PJM_East,0.2567
51540,PJM_East,0.2567
51550,PJM_East,0.2567
51570,PJM_East,0.2567
51580,PJM_East,0.2567
51590,PJM_East,0.2567
51595,PJM_East,0.2567
51600,PJM_East,0.2567
51610,PJM_East,0.2567
51620,PJM_East,0.2567
51630,PJM_East,0.2567
51640,PJM_East,0.2567
51650,PJM_East,0.2567
51660,PJM_East,0.2567
51670,PJM_East,0.2567
51678,PJM_East,0.2567
51680,PJM_East,0.2567
51683,PJM_East,0.2567
51685,PJM_East,0.2567
51690,PJM_East,0.2567
51700,PJM_East,0.2567
51710,PJM_East,0.2567
51720,PJM_East,0.2567
51730,PJM_East,0.2567
51735,PJM_East,0.2567
51740,PJM_East,0.2567
51750,PJM_East,0.2567
51760,PJM_East,0.2567
51770,PJM_East,0.2567
51775,PJM_East,0.2567
51790,PJM_East,0.2567
51800,PJM_East,0.2567
51810,PJM_East,0.2567
51820,PJM_East,0.2567
51830,PJM_East,0.2567
51840,PJM_East,0.2567
53001,NorthernGrid_West,0.0389
53003,NorthernGrid_West,0.0389
53005,NorthernGrid_West,0.0389
53007,NorthernGrid_West,0.0389
53009,NorthernGrid_West,0.0389
53011,NorthernGrid_West,0.0389
53013,NorthernGrid_West,0.0389
53015,NorthernGrid_West,0.0389
53017,NorthernGrid_West,0.0389
53019,NorthernGrid_West,0.0389
53021,NorthernGrid_West,0.0389
53023,NorthernGrid_West,0.0389
53025,NorthernGrid_West,0.0389
53027,NorthernGrid_West,0.0389
53029,NorthernGrid_West,0.0389
53031,NorthernGrid_West,0.0389
53033,NorthernGrid_West,0.0389
53035,NorthernGrid_West,0.0389
53037,NorthernGrid_West,0.0389
53039,NorthernGrid_West,0.0389
53041,NorthernGrid_West,0.0389
53043,NorthernGrid_West,0.0389
53045,NorthernGrid_West,0.0389
53047,NorthernGrid_West,0.0389
53049,NorthernGrid_West,0.0389
53051,NorthernGrid_West,0.0389
53053,NorthernGrid_West,0.0389
53055,NorthernGrid_West,0.0389
53057,NorthernGrid_West,0.0389
53059,NorthernGrid_West,0.0389
53061,NorthernGrid_West,0.0389
53063,NorthernGrid_West,0.0389
53065,NorthernGrid_West,0.0389
53067,NorthernGrid_West,0.0389
53069,NorthernGrid_West,0.0389
53071,NorthernGrid_West,0.0389
53073,NorthernGrid_West,0.0389
53075,NorthernGrid_West,0.0389
53077,NorthernGrid_West,0.0389
54001,PJM_East,0.2567
54003,PJM_East,0.2567
54005,PJM_East,0.2567
54007,PJM_East,0.2567
54009,PJM_East,0.2567
54011,PJM_East,0.2567
54013,PJM_East,0.2567
54015,PJM_East,0.2567
54017,PJM_East,0.2567
54019,PJM_East,0.2567
54021,PJM_East,0.2567
54023,PJM_East,0.2567
54025,PJM_East,0.2567
54027,PJM_East,0.2567
54029,PJM_East,0.2567
54031,PJM_East,0.2567
54033,PJM_East,0.2567
54035,PJM_East,0.2567
54037,PJM_East,0.2567
54039,PJM_East,0.2567
54041,PJM_East,0.2567
54043,PJM_East,0.2567
54045,PJM_East,0.2567
54047,PJM_East,0.2567
54049,PJM_East,0.2567
54051,PJM_East,0.2567
54053,PJM_East,0.2567
54055,PJM_East,0.2567
54057,PJM_East,0.2567
54059,PJM_East,0.2567
54061,PJM_East,0.2567
54063,PJM_East,0.2567
54065,PJM_East,0.2567
54067,PJM_East,0.2567
54069,PJM_East,0.2567
54071,PJM_East,0.2567
54073,PJM_East,0.2567
54075,PJM_East,0.2567
54077,PJM_East,0.2567
54079,PJM_East,0.2567
54081,PJM_East,0.2567
54083,PJM_East,0.2567
54085,PJM_East,0.2567
54087,PJM_East,0.2567
54089,PJM_East,0.2567
54091,PJM_East,0.2567
54093,PJM_East,0.2567
54095,PJM_East,0.2567
54097,PJM_East,0.2567
54099,PJM_East,0.2567
54101,PJM_East,0.2567
54103,PJM_East,0.2567
54105,PJM_East,0.2567
54107,PJM_East,0.2567
54109,PJM_East,0.2567
55001,MISO_North,0.1424
55003,MISO_North,0.1424
55005,MISO_North,0.1424
55007,MISO_North,0.1424
55009,MISO_North,0.1424
55011,MISO_North,0.1424
55013,MISO_North,0.1424
55015,MISO_North,0.1424
55017,MISO_North,0.1424
55019,MISO_North,0.1424
55021,MISO_North,0.1424
55023,MISO_North,0.1424
55025,MISO_North,0.1424
55027,MISO_North,0.1424
55029,MISO_North,0.1424
55031,MISO_North,0.1424
55033,MISO_North,0.1424
55035,MISO_North,0.1424
55037,MISO_North,0.1424
55039,MISO_North,0.1424
55041,MISO_North,0.1424
55043,MISO_North,0.1424
55045,MISO_North,0.1424
55047,MISO_North,0.1424
55049,MISO_North,0.1424
55051,MISO_North,0.1424
55053,MISO_North,0.1424
55055,MISO_North,0.1424
55057,MISO_North,0.1424
55059,MISO_North,0.1424
55061,MISO_North,0.1424
55063,MISO_North,0.1424
55065,MISO_North,0.1424
55067,MISO_North,0.1424
55069,MISO_North,0.1424
55071,MISO_North,0.1424
55073,MISO_North,0.1424
55075,MISO_North,0.1424
55077,MISO_North,0.1424
55078,MISO_North,0.1424
55079,MISO_North,0.1424
55081,MISO_North,0.1424
55083,MISO_North,0.1424
55085,MISO_North,0.1424
55087,MISO_North,0.1424
55089,MISO_North,0.1424
55091,MISO_North,0.1424
55093,MISO_North,0.1424
55095,MISO_North,0.1424
55097,MISO_North,0.1424
55099,MISO_North,0.1424
55101,MISO_North,0.1424
55103,MISO_North,0.1424
55105,MISO_North,0.1424
55107,MISO_North,0.1424
55109,MISO_North,0.1424
55111,MISO_North,0.1424
55113,MISO_North,0.1424
55115,MISO_North,0.1424
55117,MISO_North,0.1424
55119,MISO_North,0.1424
55121,MISO_North,0.1424
55123,MISO_North,0.1424
55125,MISO_North,0.1424
55127,MISO_North,0.1424
55129,MISO_North,0.1424
55131,MISO_North,0.1424
55133,MISO_North,0.1424
55135,MISO_North,0.1424
55137,MISO_North,0.1424
55139,MISO_North,0.1424
55141,MISO_North,0.1424
56001,WestConnect_North,0.1828
56003,NorthernGrid_East,0.143
56005,WestConnect_North,0.1828
56007,WestConnect_North,0.1828
56009,WestConnect_North,0.1828
56011,WestConnect_North,0.1828
56013,NorthernGrid_East,0.143
56015,WestConnect_North,0.1828
56017,NorthernGrid_East,0.143
56019,NorthernGrid_East,0.143
56021,WestConnect_North,0.1828
56023,NorthernGrid_East,0.143
56025,WestConnect_North,0.1828
56027,WestConnect_North,0.1828
56029,NorthernGrid_East,0.143
56031,WestConnect_North,0.1828
56033,NorthernGrid_East,0.143
56035,NorthernGrid_East,0.143
56037,NorthernGrid_East,0.143
56039,NorthernGrid_East,0.143
56041,NorthernGrid_East,0.143
56043,NorthernGrid_East,0.143
56045,WestConnect_North,0.1828
